,obs_id,obs_type,point_id,dither_id,start_time,RA,Dec,PA,lon,lat,ec_pa
0,1,WS,1,0,2023-06-26 11:59:23+00:00,31.5258,-47.6687,53.8236,2.8921,-54.9175,89.9759
1,1,WS,2,1,2023-06-26 12:17:05+00:00,31.5325,-47.7036,53.8187,2.8626,-54.9484,90.0
2,1,WS,3,2,2023-06-26 12:34:47+00:00,31.5596,-47.7285,53.7986,2.8626,-54.9792,90.0
3,1,WS,4,3,2023-06-26 12:52:29+00:00,31.5663,-47.7634,53.7936,2.8331,-55.01,90.0242
4,2,WS,5,0,2023-06-26 13:12:36+00:00,32.3351,-48.2325,53.3693,3.0714,-55.6929,89.9752
5,2,WS,6,1,2023-06-26 13:30:18+00:00,32.3423,-48.2673,53.364,3.0413,-55.7237,90.0
6,2,WS,7,2,2023-06-26 13:48:00+00:00,32.37,-48.2921,53.3433,3.0413,-55.7545,90.0
7,2,WS,8,3,2023-06-26 14:05:42+00:00,32.3772,-48.3269,53.3379,3.0112,-55.7854,90.0249
8,3,WS,9,0,2023-06-26 14:25:50+00:00,33.2283,-48.7579,52.936,3.3562,-56.4682,89.9744
9,3,WS,10,1,2023-06-26 14:43:32+00:00,33.236,-48.7927,52.9303,3.3255,-56.499,90.0
10,3,WS,11,2,2023-06-26 15:01:14+00:00,33.2642,-48.8173,52.909,3.3255,-56.5299,90.0
11,3,WS,12,3,2023-06-26 15:18:56+00:00,33.2719,-48.8521,52.9032,3.2948,-56.5607,90.0256
12,4,WS,13,0,2023-06-26 15:39:02+00:00,34.0031,-49.3456,52.4233,3.4437,-57.2434,89.9736
13,4,WS,14,1,2023-06-26 15:56:44+00:00,34.0114,-49.3804,52.4171,3.4124,-57.2743,90.0
14,4,WS,15,2,2023-06-26 16:14:26+00:00,34.0403,-49.4048,52.3951,3.4124,-57.3051,90.0
15,4,WS,16,3,2023-06-26 16:32:08+00:00,34.0486,-49.4396,52.3888,3.381,-57.3359,90.0264
16,5,WS,17,0,2023-06-26 16:52:25+00:00,34.2832,-50.1876,51.6167,2.7429,-58.0187,89.9728
17,5,WS,18,1,2023-06-26 17:10:07+00:00,34.2924,-50.2223,51.6097,2.7109,-58.0495,90.0
18,5,WS,19,2,2023-06-26 17:27:49+00:00,34.3223,-50.2465,51.5867,2.7109,-58.0803,90.0
19,5,WS,20,3,2023-06-26 17:45:31+00:00,34.3315,-50.2812,51.5796,2.6788,-58.1112,90.0272
20,6,WS,21,0,2023-06-26 18:05:37+00:00,35.1418,-50.7432,51.0842,2.8961,-58.7938,89.972
21,6,WS,22,1,2023-06-26 18:23:19+00:00,35.1516,-50.7778,51.0766,2.8634,-58.8247,90.0
22,6,WS,23,2,2023-06-26 18:41:01+00:00,35.1823,-50.8018,51.0529,2.8634,-58.8555,90.0
23,6,WS,24,3,2023-06-26 18:58:43+00:00,35.1921,-50.8364,51.0453,2.8306,-58.8863,90.0281
24,7,WS,25,0,2023-06-26 19:18:51+00:00,35.7433,-51.4354,50.3717,2.6124,-59.5689,89.9711
25,7,WS,26,1,2023-06-26 19:36:33+00:00,35.7539,-51.47,50.3634,2.579,-59.5998,90.0
26,7,WS,27,2,2023-06-26 19:54:15+00:00,35.7855,-51.4937,50.3387,2.579,-59.6306,90.0
27,7,WS,28,3,2023-06-26 20:11:57+00:00,35.7962,-51.5282,50.3303,2.5454,-59.6614,90.0289
28,8,WS,29,0,2023-06-26 20:32:03+00:00,36.5896,-52.0073,49.7675,2.6831,-60.344,89.9702
29,8,WS,30,1,2023-06-26 20:49:45+00:00,36.601,-52.0418,49.7586,2.6488,-60.3748,90.0
30,8,WS,31,2,2023-06-26 21:07:27+00:00,36.6334,-52.0653,49.733,2.6488,-60.4056,90.0
31,8,WS,32,3,2023-06-26 21:25:09+00:00,36.6448,-52.0998,49.724,2.6145,-60.4365,90.0299
32,9,WS,33,0,2023-06-26 21:45:16+00:00,37.5561,-52.5214,49.2095,2.9207,-61.1189,89.9693
33,9,WS,34,1,2023-06-26 22:02:58+00:00,37.5681,-52.5558,49.2,2.8856,-61.1498,90.0
34,9,WS,35,2,2023-06-26 22:20:40+00:00,37.6013,-52.5791,49.1737,2.8856,-61.1806,90.0
35,9,WS,36,3,2023-06-26 22:38:22+00:00,37.6134,-52.6135,49.1641,2.8504,-61.2114,90.0308
36,10,WS,37,0,2023-06-26 22:59:17+00:00,40.1127,-54.2771,47.088,2.8467,-63.4435,89.9661
37,10,WS,38,1,2023-06-26 23:16:59+00:00,40.1274,-54.3112,47.076,2.8088,-63.4743,90.0
38,10,WS,39,2,2023-06-26 23:34:41+00:00,40.1634,-54.3338,47.0468,2.8088,-63.5052,90.0
39,10,WS,40,3,2023-06-26 23:52:23+00:00,40.1782,-54.3679,47.0348,2.7707,-63.536,90.034
40,11,WS,41,0,2023-06-27 00:12:28+00:00,41.0147,-54.8488,46.3298,2.8221,-64.2182,89.9649
41,11,WS,42,1,2023-06-27 00:30:10+00:00,41.0304,-54.8828,46.317,2.7832,-64.2491,90.0
42,11,WS,43,2,2023-06-27 00:47:52+00:00,41.0674,-54.905,46.2867,2.7832,-64.2799,90.0
43,11,WS,44,3,2023-06-27 01:05:34+00:00,41.0832,-54.939,46.2738,2.7441,-64.3107,90.0352
44,12,WS,45,0,2023-06-27 01:26:02+00:00,42.527,-55.0899,46.0594,3.8949,-64.9929,89.9637
45,12,WS,46,1,2023-06-27 01:43:44+00:00,42.5431,-55.1238,46.0462,3.8548,-65.0237,90.0
46,12,WS,47,2,2023-06-27 02:01:26+00:00,42.5805,-55.146,46.0155,3.8548,-65.0545,90.0
47,12,WS,48,3,2023-06-27 02:19:08+00:00,42.5966,-55.18,46.0022,3.8146,-65.0854,90.0365
48,13,WS,49,0,2023-06-27 02:39:23+00:00,43.1595,-55.823,44.9755,3.2773,-65.7674,89.9623
49,13,WS,50,1,2023-06-27 02:57:05+00:00,43.177,-55.8568,44.9611,3.236,-65.7982,90.0
50,13,WS,51,2,2023-06-27 03:14:47+00:00,43.2159,-55.8786,44.9289,3.236,-65.8291,90.0
51,13,WS,52,3,2023-06-27 03:32:29+00:00,43.2335,-55.9124,44.9143,3.1946,-65.8599,90.0378
52,14,WS,53,0,2023-06-27 03:52:35+00:00,44.1987,-56.338,44.2043,3.3785,-66.5419,89.9609
53,14,WS,54,1,2023-06-27 04:10:17+00:00,44.2173,-56.3716,44.1889,3.3359,-66.5727,90.0
54,14,WS,55,2,2023-06-27 04:27:59+00:00,44.2573,-56.3931,44.1556,3.3359,-66.6035,90.0
55,14,WS,56,3,2023-06-27 04:45:41+00:00,44.2759,-56.4267,44.1401,3.2932,-66.6344,90.0392
56,15,WS,57,0,2023-06-27 05:06:05+00:00,45.6632,-56.6158,43.8338,4.3043,-67.3162,89.9594
57,15,WS,58,1,2023-06-27 05:23:47+00:00,45.6823,-56.6493,43.8178,4.2604,-67.3471,90.0
58,15,WS,59,2,2023-06-27 05:41:29+00:00,45.7228,-56.6707,43.784,4.2604,-67.3779,90.0
59,15,WS,60,3,2023-06-27 05:59:11+00:00,45.742,-56.7042,43.7679,4.2163,-67.4087,90.0407
60,16,WS,61,0,2023-06-27 06:19:42+00:00,46.1369,-57.4731,42.3383,3.1194,-68.0905,89.9579
61,16,WS,62,1,2023-06-27 06:37:24+00:00,46.1581,-57.5064,42.3204,3.074,-68.1213,90.0
62,16,WS,63,2,2023-06-27 06:55:06+00:00,46.2006,-57.5272,42.2846,3.074,-68.1522,90.0
63,16,WS,64,3,2023-06-27 07:12:48+00:00,46.2219,-57.5605,42.2666,3.0284,-68.183,90.0423
64,17,WS,65,0,2023-06-27 07:33:01+00:00,47.4529,-57.8487,41.7138,3.6452,-68.8647,89.9562
65,17,WS,66,1,2023-06-27 07:50:43+00:00,47.475,-57.8818,41.6951,3.5982,-68.8955,90.0
66,17,WS,67,2,2023-06-27 08:08:25+00:00,47.5183,-57.9023,41.6584,3.5982,-68.9263,90.0
67,17,WS,68,3,2023-06-27 08:26:07+00:00,47.5405,-57.9355,41.6396,3.551,-68.9572,90.044
68,18,WS,69,0,2023-06-27 08:46:12+00:00,48.5157,-58.3825,40.7277,3.5577,-69.6387,89.9543
69,18,WS,70,1,2023-06-27 09:03:54+00:00,48.5392,-58.4155,40.7077,3.509,-69.6696,90.0
70,18,WS,71,2,2023-06-27 09:21:36+00:00,48.5838,-58.4356,40.6697,3.509,-69.7004,90.0
71,18,WS,72,3,2023-06-27 09:39:18+00:00,48.6074,-58.4685,40.6495,3.46,-69.7312,90.0459
72,19,WS,73,0,2023-06-27 09:59:23+00:00,49.666,-58.873,39.7802,3.5966,-70.4126,89.9524
73,19,WS,74,1,2023-06-27 10:17:05+00:00,49.6909,-58.9057,39.7589,3.546,-70.4435,90.0
74,19,WS,75,2,2023-06-27 10:34:47+00:00,49.7368,-58.9254,39.7196,3.546,-70.4743,90.0
75,19,WS,76,3,2023-06-27 10:52:29+00:00,49.7618,-58.9582,39.6981,3.4953,-70.5051,90.0478
76,20,WS,77,0,2023-06-27 11:12:38+00:00,50.6845,-59.4572,38.5516,3.2239,-71.1864,89.9503
77,20,WS,78,1,2023-06-27 11:30:20+00:00,50.7112,-59.4896,38.5286,3.1714,-71.2173,90.0
78,20,WS,79,2,2023-06-27 11:48:02+00:00,50.7587,-59.5088,38.4876,3.1714,-71.2481,90.0
79,20,WS,80,3,2023-06-27 12:05:44+00:00,50.7855,-59.5413,38.4645,3.1186,-71.2789,90.05
80,21,WS,81,0,2023-06-27 12:26:00+00:00,52.128,-59.7809,37.8985,3.8506,-71.9601,89.948
81,21,WS,82,1,2023-06-27 12:43:42+00:00,52.1557,-59.8132,37.8746,3.7959,-71.9909,90.0
82,21,WS,83,2,2023-06-27 13:01:24+00:00,52.2041,-59.8322,37.8327,3.7959,-72.0218,90.0
83,21,WS,84,3,2023-06-27 13:19:06+00:00,52.2319,-59.8644,37.8087,3.7409,-72.0526,90.0523
84,22,WS,85,0,2023-06-27 13:39:42+00:00,54.4691,-60.8131,35.4296,3.4002,-73.5069,89.9428
85,22,WS,86,1,2023-06-27 13:57:24+00:00,54.5005,-60.8448,35.4022,3.3405,-73.5378,90.0
86,22,WS,87,2,2023-06-27 14:15:06+00:00,54.5521,-60.8626,35.3571,3.3405,-73.5686,90.0
87,22,WS,88,3,2023-06-27 14:32:48+00:00,54.5836,-60.8943,35.3295,3.2805,-73.5994,90.0576
88,23,WS,89,0,2023-06-27 14:52:55+00:00,55.8504,-61.2049,34.4363,3.6271,-74.2801,89.9398
89,23,WS,90,1,2023-06-27 15:10:37+00:00,55.8833,-61.2363,34.4075,3.5645,-74.3109,90.0
90,23,WS,91,2,2023-06-27 15:28:19+00:00,55.9362,-61.2538,34.3611,3.5645,-74.3417,90.0
91,23,WS,92,3,2023-06-27 15:46:01+00:00,55.9693,-61.2851,34.3321,3.5016,-74.3726,90.0606
92,24,WS,93,0,2023-06-27 16:06:07+00:00,57.2414,-61.6,33.3733,3.7947,-75.053,89.9365
93,24,WS,94,1,2023-06-27 16:23:49+00:00,57.276,-61.6312,33.3429,3.729,-75.0838,90.0
94,24,WS,95,2,2023-06-27 16:41:31+00:00,57.3302,-61.6481,33.2952,3.729,-75.1147,90.0
95,24,WS,96,3,2023-06-27 16:59:13+00:00,57.365,-61.6792,33.2646,3.6629,-75.1455,90.0639
96,25,WS,97,0,2023-06-27 17:19:49+00:00,59.8929,-62.5284,30.5139,3.2696,-76.5982,89.9289
97,25,WS,98,1,2023-06-27 17:37:31+00:00,59.9318,-62.5586,30.4793,3.1965,-76.629,90.0
98,25,WS,99,2,2023-06-27 17:55:13+00:00,59.9895,-62.5743,30.4281,3.1965,-76.6599,90.0
99,25,WS,100,3,2023-06-27 18:12:55+00:00,60.0286,-62.6045,30.3934,3.1229,-76.6907,90.0716
100,26,WS,101,0,2023-06-27 18:33:03+00:00,61.2863,-62.968,28.9937,2.9855,-77.3704,89.9244
101,26,WS,102,1,2023-06-27 18:50:45+00:00,61.3277,-62.9978,28.9569,2.908,-77.4012,90.0
102,26,WS,103,2,2023-06-27 19:08:27+00:00,61.3871,-63.0127,28.904,2.908,-77.4321,90.0
103,26,WS,104,3,2023-06-27 19:26:09+00:00,61.4286,-63.0424,28.867,2.8299,-77.4629,90.0762
104,27,WS,105,0,2023-06-27 19:47:23+00:00,62.0194,-62.3907,31.3248,6.0417,-77.3704,89.9244
105,27,WS,106,1,2023-06-27 20:05:05+00:00,62.0573,-62.4212,31.2912,5.9643,-77.4012,90.0
106,27,WS,107,2,2023-06-27 20:22:47+00:00,62.1142,-62.4372,31.2408,5.9643,-77.4321,90.0
107,27,WS,108,3,2023-06-27 20:40:29+00:00,62.1522,-62.4677,31.207,5.8862,-77.4629,90.0762
108,28,WS,109,0,2023-06-27 21:01:17+00:00,58.9358,-61.7838,32.9822,4.9356,-75.8257,89.9329
109,28,WS,110,1,2023-06-27 21:18:59+00:00,58.971,-61.8147,32.9512,4.8664,-75.8566,90.0
110,28,WS,111,2,2023-06-27 21:36:41+00:00,59.0259,-61.8315,32.9029,4.8664,-75.8874,90.0
111,28,WS,112,3,2023-06-27 21:54:23+00:00,59.0612,-61.8625,32.8717,4.7968,-75.9182,90.0675
112,29,WS,113,0,2023-06-27 22:15:05+00:00,58.0384,-61.0405,35.2132,6.4227,-75.053,89.9365
113,29,WS,114,1,2023-06-27 22:32:47+00:00,58.0703,-61.0721,35.1853,6.357,-75.0838,90.0
114,29,WS,115,2,2023-06-27 22:50:29+00:00,58.1225,-61.0899,35.1397,6.357,-75.1147,90.0
115,29,WS,116,3,2023-06-27 23:08:11+00:00,58.1545,-61.1215,35.1116,6.2909,-75.1455,90.0639
116,30,WS,117,0,2023-06-27 23:28:26+00:00,56.6631,-60.6482,36.1511,6.1465,-74.2801,89.9398
117,30,WS,118,1,2023-06-27 23:46:08+00:00,56.6936,-60.6801,36.1246,6.0839,-74.3109,90.0
118,30,WS,119,2,2023-06-28 00:03:50+00:00,56.7445,-60.6983,36.0803,6.0839,-74.3417,90.0
119,30,WS,120,3,2023-06-28 00:21:32+00:00,56.775,-60.7301,36.0536,6.021,-74.3726,90.0606
120,31,WS,121,0,2023-06-28 00:41:48+00:00,55.2829,-60.2677,37.0059,5.7832,-73.5069,89.9428
121,31,WS,122,1,2023-06-28 00:59:30+00:00,55.312,-60.2998,36.9807,5.7235,-73.5378,90.0
122,31,WS,123,2,2023-06-28 01:17:12+00:00,55.3618,-60.3183,36.9374,5.7235,-73.5686,90.0
123,31,WS,124,3,2023-06-28 01:34:54+00:00,55.391,-60.3504,36.912,5.6635,-73.5994,90.0576
124,32,WS,125,0,2023-06-28 01:55:28+00:00,53.6293,-60.0722,37.3167,4.606,-72.7336,89.9455
125,32,WS,126,1,2023-06-28 02:13:10+00:00,53.6579,-60.1043,37.2919,4.5489,-72.7644,90.0
126,32,WS,127,2,2023-06-28 02:30:52+00:00,53.7071,-60.123,37.2493,4.5489,-72.7953,90.0
127,32,WS,128,3,2023-06-28 02:48:34+00:00,53.7358,-60.1552,37.2243,4.4916,-72.8261,90.0548
128,33,WS,129,0,2023-06-28 03:09:15+00:00,52.9757,-59.243,39.2828,6.0747,-71.9601,89.948
129,33,WS,130,1,2023-06-28 03:26:57+00:00,53.0014,-59.2756,39.2607,6.02,-71.9909,90.0
130,33,WS,131,2,2023-06-28 03:44:39+00:00,53.0481,-59.2951,39.2205,6.02,-72.0218,90.0
131,33,WS,132,3,2023-06-28 04:02:21+00:00,53.074,-59.3277,39.1983,5.965,-72.0526,90.0523
132,34,WS,133,0,2023-06-28 04:22:44+00:00,51.5175,-58.9347,39.8159,5.3155,-71.1864,89.9503
133,34,WS,134,1,2023-06-28 04:40:26+00:00,51.5424,-58.9675,39.7946,5.263,-71.2173,90.0
134,34,WS,135,2,2023-06-28 04:58:08+00:00,51.5884,-58.9872,39.7552,5.263,-71.2481,90.0
135,34,WS,136,3,2023-06-28 05:15:50+00:00,51.6134,-59.0199,39.7338,5.2102,-71.2789,90.05
136,35,WS,137,0,2023-06-28 05:36:06+00:00,50.5269,-58.3467,40.9885,5.6591,-70.4126,89.9524
137,35,WS,138,1,2023-06-28 05:53:48+00:00,50.5501,-58.3797,40.9687,5.6086,-70.4435,90.0
138,35,WS,139,2,2023-06-28 06:11:30+00:00,50.5945,-58.3999,40.9309,5.6086,-70.4743,90.0
139,35,WS,140,3,2023-06-28 06:29:12+00:00,50.6178,-58.4329,40.911,5.5578,-70.5051,90.0478
140,36,WS,141,0,2023-06-28 06:49:26+00:00,49.3563,-57.8777,41.8251,5.4896,-69.6387,89.9543
141,36,WS,142,1,2023-06-28 07:07:08+00:00,49.3783,-57.9109,41.8065,5.4409,-69.6696,90.0
142,36,WS,143,2,2023-06-28 07:24:50+00:00,49.4215,-57.9314,41.7698,5.4409,-69.7004,90.0
143,36,WS,144,3,2023-06-28 07:42:32+00:00,49.4436,-57.9646,41.7511,5.392,-69.7312,90.0459
144,37,WS,145,0,2023-06-28 08:03:04+00:00,48.7883,-57.0666,43.3353,6.5904,-68.8647,89.9562
145,37,WS,146,1,2023-06-28 08:20:46+00:00,48.8081,-57.1001,43.3186,6.5434,-68.8955,90.0
146,37,WS,147,2,2023-06-28 08:38:28+00:00,48.8495,-57.1212,43.2839,6.5434,-68.9263,90.0
147,37,WS,148,3,2023-06-28 08:56:10+00:00,48.8694,-57.1547,43.2671,6.4962,-68.9572,90.044
148,38,WS,149,0,2023-06-28 09:16:55+00:00,46.9884,-56.9765,43.3072,4.9354,-68.0905,89.9579
149,38,WS,150,1,2023-06-28 09:34:37+00:00,47.0083,-57.01,43.2905,4.89,-68.1213,90.0
150,38,WS,151,2,2023-06-28 09:52:19+00:00,47.0495,-57.0311,43.2559,4.89,-68.1522,90.0
151,38,WS,152,3,2023-06-28 10:10:01+00:00,47.0695,-57.0646,43.2392,4.8444,-68.183,90.0423
152,39,WS,153,0,2023-06-28 10:30:34+00:00,46.522,-56.1289,44.7471,6.0693,-67.3162,89.9594
153,39,WS,154,1,2023-06-28 10:48:16+00:00,46.5399,-56.1626,44.7323,6.0254,-67.3471,90.0
154,39,WS,155,2,2023-06-28 11:05:58+00:00,46.5793,-56.1843,44.6996,6.0254,-67.3779,90.0
155,39,WS,156,3,2023-06-28 11:23:40+00:00,46.5973,-56.218,44.6846,5.9813,-67.4087,90.0407
156,40,WS,157,0,2023-06-28 11:44:08+00:00,45.0688,-55.8471,45.073,5.1126,-66.5419,89.9609
157,40,WS,158,1,2023-06-28 12:01:50+00:00,45.0862,-55.8809,45.0586,5.07,-66.5727,90.0
158,40,WS,159,2,2023-06-28 12:19:32+00:00,45.1251,-55.9027,45.0265,5.07,-66.6035,90.0
159,40,WS,160,3,2023-06-28 12:37:14+00:00,45.1426,-55.9365,45.0119,5.0273,-66.6344,90.0392
160,41,WS,161,0,2023-06-28 12:57:28+00:00,44.0247,-55.3411,45.7873,4.9501,-65.7674,89.9623
161,41,WS,162,1,2023-06-28 13:15:10+00:00,44.0411,-55.375,45.7737,4.9088,-65.7982,90.0
162,41,WS,163,2,2023-06-28 13:32:52+00:00,44.079,-55.3971,45.7426,4.9088,-65.8291,90.0
163,41,WS,164,3,2023-06-28 13:50:34+00:00,44.0955,-55.431,45.7289,4.8674,-65.8599,90.0378
164,42,WS,165,0,2023-06-28 14:10:54+00:00,43.3913,-54.6173,46.8238,5.5182,-64.9929,89.9637
165,42,WS,166,1,2023-06-28 14:28:36+00:00,43.4064,-54.6514,46.8115,5.4782,-65.0237,90.0
166,42,WS,167,2,2023-06-28 14:46:18+00:00,43.4429,-54.6739,46.7817,5.4782,-65.0545,90.0
167,42,WS,168,3,2023-06-28 15:04:00+00:00,43.4581,-54.7079,46.7693,5.4379,-65.0854,90.0365
168,43,WS,169,0,2023-06-28 15:24:25+00:00,42.0437,-54.2884,47.1858,4.7038,-64.2182,89.9649
169,43,WS,170,1,2023-06-28 15:42:07+00:00,42.0583,-54.3225,47.174,4.6649,-64.2491,90.0
170,43,WS,171,2,2023-06-28 15:59:49+00:00,42.0942,-54.3452,47.1447,4.6649,-64.2799,90.0
171,43,WS,172,3,2023-06-28 16:17:31+00:00,42.1089,-54.3793,47.1328,4.6258,-64.3107,90.0352
172,44,WS,173,0,2023-06-28 16:37:45+00:00,41.2137,-53.6849,47.953,4.8093,-63.4435,89.9661
173,44,WS,174,1,2023-06-28 16:55:27+00:00,41.2273,-53.7192,47.942,4.7714,-63.4743,90.0
174,44,WS,175,2,2023-06-28 17:13:09+00:00,41.2622,-53.7421,47.9139,4.7714,-63.5052,90.0
175,44,WS,176,3,2023-06-28 17:30:51+00:00,41.2759,-53.7763,47.9028,4.7333,-63.536,90.034
176,45,WS,177,0,2023-06-28 17:51:15+00:00,39.9117,-53.3381,48.321,4.0466,-62.6687,89.9672
177,45,WS,178,1,2023-06-28 18:08:57+00:00,39.9249,-53.3724,48.3104,4.0097,-62.6996,90.0
178,45,WS,179,2,2023-06-28 18:26:39+00:00,39.9593,-53.3954,48.2828,4.0097,-62.7304,90.0
179,45,WS,180,3,2023-06-28 18:44:21+00:00,39.9725,-53.4297,48.2722,3.9727,-62.7612,90.0329
180,46,WS,181,0,2023-06-28 19:04:39+00:00,38.7743,-52.9069,48.8003,3.5591,-61.8939,89.9683
181,46,WS,182,1,2023-06-28 19:22:21+00:00,38.7869,-52.9412,48.7903,3.5231,-61.9247,90.0
182,46,WS,183,2,2023-06-28 19:40:03+00:00,38.8206,-52.9644,48.7634,3.5231,-61.9555,90.0
183,46,WS,184,3,2023-06-28 19:57:45+00:00,38.8332,-52.9988,48.7533,3.4871,-61.9864,90.0318
184,47,WS,185,0,2023-06-28 20:18:10+00:00,38.4197,-52.0707,49.785,4.3582,-61.1189,89.9693
185,47,WS,186,1,2023-06-28 20:35:52+00:00,38.431,-52.1052,49.776,4.3232,-61.1498,90.0
186,47,WS,187,2,2023-06-28 20:53:34+00:00,38.4635,-52.1287,49.7504,4.3232,-61.1806,90.0
187,47,WS,188,3,2023-06-28 21:11:16+00:00,38.4749,-52.1632,49.7414,4.288,-61.2114,90.0308
188,48,WS,189,0,2023-06-28 21:31:31+00:00,37.4464,-51.5636,50.3083,4.0801,-60.344,89.9702
189,48,WS,190,1,2023-06-28 21:49:13+00:00,37.4571,-51.5982,50.2999,4.0458,-60.3748,90.0
190,48,WS,191,2,2023-06-28 22:06:55+00:00,37.4889,-51.6219,50.2751,4.0458,-60.4056,90.0
191,48,WS,192,3,2023-06-28 22:24:37+00:00,37.4996,-51.6564,50.2666,4.0115,-60.4365,90.0299
192,49,WS,193,0,2023-06-28 22:44:50+00:00,36.601,-50.995,50.8857,3.9841,-59.5689,89.9711
193,49,WS,194,1,2023-06-28 23:02:32+00:00,36.611,-51.0296,50.878,3.9506,-59.5998,90.0
194,49,WS,195,2,2023-06-28 23:20:14+00:00,36.642,-51.0535,50.8539,3.9506,-59.6306,90.0
195,49,WS,196,3,2023-06-28 23:37:56+00:00,36.6521,-51.0881,50.8461,3.9171,-59.6614,90.0289
196,50,WS,197,0,2023-06-28 23:58:11+00:00,35.9949,-50.3096,51.5719,4.2362,-58.7938,89.972
197,50,WS,198,1,2023-06-29 00:15:53+00:00,36.0041,-50.3442,51.5648,4.2035,-58.8247,90.0
198,50,WS,199,2,2023-06-29 00:33:35+00:00,36.0341,-50.3684,51.5417,4.2035,-58.8555,90.0
199,50,WS,200,3,2023-06-29 00:51:17+00:00,36.0434,-50.4031,51.5345,4.1707,-58.8863,90.0281
200,51,WS,201,0,2023-06-29 01:11:31+00:00,35.1376,-49.7564,52.0812,4.0618,-58.0187,89.9728
201,51,WS,202,1,2023-06-29 01:29:13+00:00,35.1462,-49.7911,52.0746,4.0298,-58.0495,90.0
202,51,WS,203,2,2023-06-29 01:46:55+00:00,35.1756,-49.8154,52.0522,4.0298,-58.0803,90.0
203,51,WS,204,3,2023-06-29 02:04:37+00:00,35.1843,-49.8502,52.0455,3.9977,-58.1112,90.0272
204,52,WS,205,0,2023-06-29 02:24:59+00:00,34.8459,-48.9251,52.8638,4.7254,-57.2434,89.9736
205,52,WS,206,1,2023-06-29 02:42:41+00:00,34.8537,-48.9599,52.858,4.6941,-57.2743,90.0
206,52,WS,207,2,2023-06-29 03:00:23+00:00,34.8821,-48.9845,52.8366,4.6941,-57.3051,90.0
207,52,WS,208,3,2023-06-29 03:18:05+00:00,34.8899,-49.0193,52.8307,4.6627,-57.3359,90.0264
208,53,WS,209,0,2023-06-29 03:38:18+00:00,34.0685,-48.3413,53.3549,4.6142,-56.4682,89.9744
209,53,WS,210,1,2023-06-29 03:56:00+00:00,34.0758,-48.3762,53.3495,4.5835,-56.499,90.0
210,53,WS,211,2,2023-06-29 04:13:42+00:00,34.1035,-48.4009,53.3287,4.5835,-56.5299,90.0
211,53,WS,212,3,2023-06-29 04:31:24+00:00,34.1107,-48.4357,53.3233,4.5527,-56.5607,90.0256
212,54,WS,213,0,2023-06-29 04:51:39+00:00,33.1618,-47.8247,53.7615,4.2903,-55.6929,89.9752
213,54,WS,214,1,2023-06-29 05:09:21+00:00,33.1686,-47.8596,53.7565,4.2602,-55.7237,90.0
214,54,WS,215,2,2023-06-29 05:27:03+00:00,33.1958,-47.8844,53.7363,4.2602,-55.7545,90.0
215,54,WS,216,3,2023-06-29 05:44:45+00:00,33.2027,-47.9193,53.7313,4.2301,-55.7854,90.0249
216,55,WS,217,0,2023-06-29 06:04:59+00:00,32.3643,-47.2574,54.203,4.1107,-54.9175,89.9759
217,55,WS,218,1,2023-06-29 06:22:41+00:00,32.3706,-47.2923,54.1983,4.0812,-54.9484,90.0
218,55,WS,219,2,2023-06-29 06:40:23+00:00,32.3972,-47.3174,54.1788,4.0812,-54.9792,90.0
219,55,WS,220,3,2023-06-29 06:58:05+00:00,32.4036,-47.3523,54.1741,4.0516,-55.01,90.0242
220,56,WS,221,0,2023-06-29 07:18:32+00:00,33.2003,-46.8499,54.5882,5.3292,-54.9175,89.9759
221,56,WS,222,1,2023-06-29 07:36:14+00:00,33.2063,-46.8849,54.5838,5.2997,-54.9484,90.0
222,56,WS,223,2,2023-06-29 07:53:56+00:00,33.2324,-46.91,54.5647,5.2997,-54.9792,90.0
223,56,WS,224,3,2023-06-29 08:11:38+00:00,33.2384,-46.9449,54.5604,5.2702,-55.01,90.0242
224,57,WS,225,0,2023-06-29 08:31:45+00:00,33.9863,-47.4207,54.1593,5.5092,-55.6929,89.9752
225,57,WS,226,1,2023-06-29 08:49:27+00:00,33.9927,-47.4556,54.1546,5.4791,-55.7237,90.0
226,57,WS,227,2,2023-06-29 09:07:09+00:00,34.0194,-47.4806,54.1349,5.4791,-55.7545,90.0
227,57,WS,228,3,2023-06-29 09:24:51+00:00,34.0258,-47.5155,54.1302,5.449,-55.7854,90.0249
228,58,WS,229,0,2023-06-29 09:45:01+00:00,34.9065,-47.9289,53.7794,5.8721,-56.4682,89.9744
229,58,WS,230,1,2023-06-29 10:02:43+00:00,34.9133,-47.9638,53.7744,5.8414,-56.499,90.0
230,58,WS,231,2,2023-06-29 10:20:25+00:00,34.9405,-47.9886,53.7541,5.8414,-56.5299,90.0
231,58,WS,232,3,2023-06-29 10:38:07+00:00,34.9473,-48.0235,53.7491,5.8107,-56.5607,90.0256
232,59,WS,233,0,2023-06-29 10:58:13+00:00,35.6866,-48.5088,53.31,6.0071,-57.2434,89.9736
233,59,WS,234,1,2023-06-29 11:15:55+00:00,35.6939,-48.5437,53.3045,5.9758,-57.2743,90.0
234,59,WS,235,2,2023-06-29 11:33:37+00:00,35.7217,-48.5684,53.2836,5.9758,-57.3051,90.0
235,59,WS,236,3,2023-06-29 11:51:19+00:00,35.7291,-48.6032,53.2781,5.9444,-57.3359,90.0264
236,60,WS,237,0,2023-06-29 12:11:34+00:00,35.9898,-49.3296,52.5514,5.3806,-58.0187,89.9728
237,60,WS,238,1,2023-06-29 12:29:16+00:00,35.998,-49.3644,52.5453,5.3486,-58.0495,90.0
238,60,WS,239,2,2023-06-29 12:46:58+00:00,36.0268,-49.3889,52.5234,5.3486,-58.0803,90.0
239,60,WS,240,3,2023-06-29 13:04:40+00:00,36.0349,-49.4237,52.5172,5.3165,-58.1112,90.0272
240,61,WS,241,0,2023-06-29 13:24:47+00:00,36.8459,-49.8806,52.0652,5.5763,-58.7938,89.972
241,61,WS,242,1,2023-06-29 13:42:29+00:00,36.8546,-49.9154,52.0586,5.5436,-58.8247,90.0
242,61,WS,243,2,2023-06-29 14:00:11+00:00,36.8841,-49.9397,52.0361,5.5436,-58.8555,90.0
243,61,WS,244,3,2023-06-29 14:17:53+00:00,36.8928,-49.9744,52.0294,5.5108,-58.8863,90.0281
244,62,WS,245,0,2023-06-29 14:38:00+00:00,37.4569,-50.5594,51.4053,5.3557,-59.5689,89.9711
245,62,WS,246,1,2023-06-29 14:55:42+00:00,37.4664,-50.5941,51.3981,5.3222,-59.5998,90.0
246,62,WS,247,2,2023-06-29 15:13:24+00:00,37.4967,-50.6182,51.3746,5.3222,-59.6306,90.0
247,62,WS,248,3,2023-06-29 15:31:06+00:00,37.5062,-50.6528,51.3673,5.2887,-59.6614,90.0289
248,63,WS,249,0,2023-06-29 15:51:12+00:00,38.3017,-51.125,50.8545,5.4771,-60.344,89.9702
249,63,WS,250,1,2023-06-29 16:08:54+00:00,38.3117,-51.1596,50.8466,5.4428,-60.3748,90.0
250,63,WS,251,2,2023-06-29 16:26:36+00:00,38.3428,-51.1835,50.8224,5.4428,-60.4056,90.0
251,63,WS,252,3,2023-06-29 16:44:18+00:00,38.3529,-51.2181,50.8145,5.4085,-60.4365,90.0299
252,64,WS,253,0,2023-06-29 17:04:27+00:00,39.282,-51.6254,50.3656,5.7958,-61.1189,89.9693
253,64,WS,254,1,2023-06-29 17:22:09+00:00,39.2927,-51.6599,50.3573,5.7607,-61.1498,90.0
254,64,WS,255,2,2023-06-29 17:39:51+00:00,39.3244,-51.6837,50.3324,5.7607,-61.1806,90.0
255,64,WS,256,3,2023-06-29 17:57:33+00:00,39.3351,-51.7182,50.324,5.7255,-61.2114,90.0308
256,65,WS,257,0,2023-06-29 18:17:52+00:00,39.6439,-52.4508,49.414,5.0388,-61.8939,89.9683
257,65,WS,258,1,2023-06-29 18:35:34+00:00,39.6557,-52.4852,49.4047,5.0029,-61.9247,90.0
258,65,WS,259,2,2023-06-29 18:53:16+00:00,39.6887,-52.5086,49.3785,5.0029,-61.9555,90.0
259,65,WS,260,3,2023-06-29 19:10:58+00:00,39.7006,-52.5431,49.3691,4.9668,-61.9864,90.0318
260,66,WS,261,0,2023-06-29 19:31:11+00:00,40.7717,-52.8842,48.9632,5.5438,-62.6687,89.9672
261,66,WS,262,1,2023-06-29 19:48:53+00:00,40.7841,-52.9185,48.9533,5.5069,-62.6996,90.0
262,66,WS,263,2,2023-06-29 20:06:35+00:00,40.8177,-52.9418,48.9265,5.5069,-62.7304,90.0
263,66,WS,264,3,2023-06-29 20:24:17+00:00,40.8301,-52.9762,48.9166,5.4699,-62.7612,90.0329
264,67,WS,265,0,2023-06-29 20:44:57+00:00,42.9196,-53.8187,47.9186,6.3051,-64.2182,89.9649
265,67,WS,266,1,2023-06-29 21:02:39+00:00,42.9333,-53.8529,47.9075,6.2661,-64.2491,90.0
266,67,WS,267,2,2023-06-29 21:20:21+00:00,42.9683,-53.8758,47.8792,6.2661,-64.2799,90.0
267,67,WS,268,3,2023-06-29 21:38:03+00:00,42.9821,-53.91,47.868,6.227,-64.3107,90.0352
268,68,WS,269,0,2023-06-29 21:58:16+00:00,42.0903,-53.2203,48.6469,6.3724,-63.4435,89.9661
269,68,WS,270,1,2023-06-29 22:15:58+00:00,42.1031,-53.2547,48.6367,6.3345,-63.4743,90.0
270,68,WS,271,2,2023-06-29 22:33:40+00:00,42.1372,-53.2778,48.6094,6.3345,-63.5052,90.0
271,68,WS,272,3,2023-06-29 22:51:22+00:00,42.1501,-53.3122,48.5991,6.2965,-63.536,90.034
272,69,WS,273,0,2023-06-29 23:11:44+00:00,41.6311,-52.4361,49.61,7.0409,-62.6687,89.9672
273,69,WS,274,1,2023-06-29 23:29:26+00:00,41.6428,-52.4705,49.6008,7.004,-62.6996,90.0
274,69,WS,275,2,2023-06-29 23:47:08+00:00,41.6756,-52.494,49.5747,7.004,-62.7304,90.0
275,69,WS,276,3,2023-06-30 00:04:50+00:00,41.6872,-52.5285,49.5655,6.967,-62.7612,90.0329
276,70,WS,277,0,2023-06-30 00:25:08+00:00,40.5126,-52.0004,50.0327,6.5186,-61.8939,89.9683
277,70,WS,278,1,2023-06-30 00:42:50+00:00,40.5236,-52.0349,50.0239,6.4826,-61.9247,90.0
278,70,WS,279,2,2023-06-30 01:00:32+00:00,40.5559,-52.0586,49.9985,6.4826,-61.9555,90.0
279,70,WS,280,3,2023-06-30 01:18:14+00:00,40.567,-52.0931,49.9898,6.4465,-61.9864,90.0318
280,71,WS,281,0,2023-06-30 01:38:37+00:00,40.1432,-51.1855,50.9513,7.2333,-61.1189,89.9693
281,71,WS,282,1,2023-06-30 01:56:19+00:00,40.1532,-51.2201,50.9435,7.1982,-61.1498,90.0
282,71,WS,283,2,2023-06-30 02:14:01+00:00,40.1842,-51.2441,50.9193,7.1982,-61.1806,90.0
283,71,WS,284,3,2023-06-30 02:31:43+00:00,40.1942,-51.2787,50.9115,7.163,-61.2114,90.0308
284,72,WS,285,0,2023-06-30 02:51:59+00:00,39.1555,-50.6915,51.4058,6.8741,-60.344,89.9702
285,72,WS,286,1,2023-06-30 03:09:41+00:00,39.1649,-50.7261,51.3985,6.8398,-60.3748,90.0
286,72,WS,287,2,2023-06-30 03:27:23+00:00,39.1953,-50.7502,51.375,6.8398,-60.4056,90.0
287,72,WS,288,3,2023-06-30 03:45:05+00:00,39.2049,-50.7849,51.3676,6.8055,-60.4365,90.0299
288,73,WS,289,0,2023-06-30 04:05:19+00:00,38.3112,-50.1288,51.9303,6.7273,-59.5689,89.9711
289,73,WS,290,1,2023-06-30 04:23:01+00:00,38.3201,-50.1635,51.9235,6.6939,-59.5998,90.0
290,73,WS,291,2,2023-06-30 04:40:43+00:00,38.3498,-50.1878,51.9007,6.6939,-59.6306,90.0
291,73,WS,292,3,2023-06-30 04:58:25+00:00,38.3587,-50.2225,51.8939,6.6603,-59.6614,90.0289
292,74,WS,293,0,2023-06-30 05:18:39+00:00,37.6952,-49.4564,52.564,6.9164,-58.7938,89.972
293,74,WS,294,1,2023-06-30 05:36:21+00:00,37.7034,-49.4912,52.5578,6.8837,-58.8247,90.0
294,74,WS,295,2,2023-06-30 05:54:03+00:00,37.7322,-49.5157,52.5359,6.8837,-58.8555,90.0
295,74,WS,296,3,2023-06-30 06:11:45+00:00,37.7404,-49.5505,52.5296,6.8509,-58.8863,90.0281
296,75,WS,297,0,2023-06-30 06:31:59+00:00,36.8401,-48.9075,53.0272,6.6995,-58.0187,89.9728
297,75,WS,298,1,2023-06-30 06:49:41+00:00,36.8477,-48.9423,53.0215,6.6675,-58.0495,90.0
298,75,WS,299,2,2023-06-30 07:07:23+00:00,36.876,-48.9669,53.0002,6.6675,-58.0803,90.0
299,75,WS,300,3,2023-06-30 07:25:05+00:00,36.8836,-49.0017,52.9944,6.6354,-58.1112,90.0272
300,76,WS,301,0,2023-06-30 07:45:26+00:00,36.5253,-48.0969,53.7616,7.2887,-57.2434,89.9736
301,76,WS,302,1,2023-06-30 08:03:08+00:00,36.5321,-48.1318,53.7565,7.2574,-57.2743,90.0
302,76,WS,303,2,2023-06-30 08:20:50+00:00,36.5594,-48.1567,53.7361,7.2574,-57.3051,90.0
303,76,WS,304,3,2023-06-30 08:38:32+00:00,36.5663,-48.1916,53.731,7.226,-57.3359,90.0264
304,77,WS,305,0,2023-06-30 08:58:46+00:00,35.7424,-47.5206,54.2095,7.13,-56.4682,89.9744
305,77,WS,306,1,2023-06-30 09:16:28+00:00,35.7488,-47.5555,54.2048,7.0994,-56.499,90.0
306,77,WS,307,2,2023-06-30 09:34:10+00:00,35.7755,-47.5806,54.1851,7.0994,-56.5299,90.0
307,77,WS,308,3,2023-06-30 09:51:52+00:00,35.7819,-47.6155,54.1804,7.0686,-56.5607,90.0256
308,78,WS,309,0,2023-06-30 10:12:08+00:00,34.8086,-47.0207,54.5626,6.7281,-55.6929,89.9752
309,78,WS,310,1,2023-06-30 10:29:50+00:00,34.8146,-47.0556,54.5583,6.698,-55.7237,90.0
310,78,WS,311,2,2023-06-30 10:47:32+00:00,34.8409,-47.0807,54.539,6.698,-55.7545,90.0
311,78,WS,312,3,2023-06-30 11:05:14+00:00,34.8469,-47.1157,54.5346,6.6679,-55.7854,90.0249
312,79,WS,313,0,2023-06-30 11:25:28+00:00,34.0341,-46.4463,54.9791,6.5478,-54.9175,89.9759
313,79,WS,314,1,2023-06-30 11:43:10+00:00,34.0396,-46.4813,54.9751,6.5183,-54.9484,90.0
314,79,WS,315,2,2023-06-30 12:00:52+00:00,34.0653,-46.5065,54.9564,6.5183,-54.9792,90.0
315,79,WS,316,3,2023-06-30 12:18:34+00:00,34.0709,-46.5415,54.9524,6.4887,-55.01,90.0242
316,80,WS,317,0,2023-06-30 12:39:01+00:00,34.8657,-46.0466,55.3755,7.7663,-54.9175,89.9759
317,80,WS,318,1,2023-06-30 12:56:43+00:00,34.8709,-46.0816,55.3718,7.7368,-54.9484,90.0
318,80,WS,319,2,2023-06-30 13:14:25+00:00,34.8961,-46.1069,55.3536,7.7368,-54.9792,90.0
319,80,WS,320,3,2023-06-30 13:32:07+00:00,34.9013,-46.1419,55.3499,7.7073,-55.01,90.0242
320,81,WS,321,0,2023-06-30 13:52:14+00:00,35.629,-46.6246,54.9713,7.947,-55.6929,89.9752
321,81,WS,322,1,2023-06-30 14:09:56+00:00,35.6345,-46.6595,54.9672,7.9169,-55.7237,90.0
322,81,WS,323,2,2023-06-30 14:27:38+00:00,35.6603,-46.6848,54.9484,7.9169,-55.7545,90.0
323,81,WS,324,3,2023-06-30 14:45:20+00:00,35.6659,-46.7197,54.9444,7.8868,-55.7854,90.0249
324,82,WS,325,0,2023-06-30 15:05:31+00:00,36.5764,-47.1166,54.645,8.388,-56.4682,89.9744
325,82,WS,326,1,2023-06-30 15:23:13+00:00,36.5823,-47.1516,54.6407,8.3573,-56.499,90.0
326,82,WS,327,2,2023-06-30 15:40:55+00:00,36.6086,-47.1767,54.6214,8.3573,-56.5299,90.0
327,82,WS,328,3,2023-06-30 15:58:37+00:00,36.6145,-47.2117,54.6171,8.3265,-56.5607,90.0256
328,83,WS,329,0,2023-06-30 16:19:12+00:00,37.6886,-48.49,53.5085,8.0183,-58.0187,89.9728
329,83,WS,330,1,2023-06-30 16:36:54+00:00,37.6957,-48.5248,53.5032,7.9863,-58.0495,90.0
330,83,WS,331,2,2023-06-30 16:54:36+00:00,37.7234,-48.5496,53.4824,7.9863,-58.0803,90.0
331,83,WS,332,3,2023-06-30 17:12:18+00:00,37.7306,-48.5845,53.477,7.9542,-58.1112,90.0272
332,84,WS,333,0,2023-06-30 17:32:25+00:00,38.5429,-49.0371,53.068,8.2564,-58.7938,89.972
333,84,WS,334,1,2023-06-30 17:50:07+00:00,38.5505,-49.0719,53.0623,8.2237,-58.8247,90.0
334,84,WS,335,2,2023-06-30 18:07:49+00:00,38.5788,-49.0965,53.0409,8.2237,-58.8555,90.0
335,84,WS,336,3,2023-06-30 18:25:31+00:00,38.5864,-49.1314,53.0351,8.1909,-58.8863,90.0281
336,85,WS,337,0,2023-06-30 18:45:37+00:00,39.164,-49.7032,52.4605,8.0989,-59.5689,89.9711
337,85,WS,338,1,2023-06-30 19:03:19+00:00,39.1723,-49.738,52.4542,8.0655,-59.5998,90.0
338,85,WS,339,2,2023-06-30 19:21:01+00:00,39.2014,-49.7624,52.432,8.0655,-59.6306,90.0
339,85,WS,340,3,2023-06-30 19:38:43+00:00,39.2097,-49.7972,52.4257,8.0319,-59.6614,90.0289
340,86,WS,341,0,2023-06-30 19:58:49+00:00,40.008,-50.2632,51.9622,8.2711,-60.344,89.9702
341,86,WS,342,1,2023-06-30 20:16:31+00:00,40.0169,-50.2979,51.9554,8.2368,-60.3748,90.0
342,86,WS,343,2,2023-06-30 20:34:13+00:00,40.0467,-50.3222,51.9325,8.2368,-60.4056,90.0
343,86,WS,344,3,2023-06-30 20:51:55+00:00,40.0555,-50.3569,51.9257,8.2025,-60.4365,90.0299
344,87,WS,345,0,2023-06-30 21:12:05+00:00,41.0033,-50.7512,51.5419,8.6708,-61.1189,89.9693
345,87,WS,346,1,2023-06-30 21:29:47+00:00,41.0127,-50.7859,51.5346,8.6357,-61.1498,90.0
346,87,WS,347,2,2023-06-30 21:47:29+00:00,41.043,-50.81,51.5111,8.6357,-61.1806,90.0
347,87,WS,348,3,2023-06-30 22:05:11+00:00,41.0524,-50.8447,51.5038,8.6005,-61.2114,90.0308
348,88,WS,349,0,2023-06-30 22:25:27+00:00,41.3804,-51.5558,50.6561,7.9983,-61.8939,89.9683
349,88,WS,350,1,2023-06-30 22:43:09+00:00,41.3908,-51.5904,50.648,7.9624,-61.9247,90.0
350,88,WS,351,2,2023-06-30 23:00:51+00:00,41.4223,-51.6143,50.6233,7.9624,-61.9555,90.0
351,88,WS,352,3,2023-06-30 23:18:33+00:00,41.4327,-51.6488,50.6152,7.9263,-61.9864,90.0318
352,89,WS,353,0,2023-06-30 23:38:47+00:00,42.4902,-51.9939,50.2611,8.5381,-62.6687,89.9672
353,89,WS,354,1,2023-06-30 23:56:29+00:00,42.501,-52.0285,50.2525,8.5012,-62.6996,90.0
354,89,WS,355,2,2023-07-01 00:14:11+00:00,42.5331,-52.0522,50.2273,8.5012,-62.7304,90.0
355,89,WS,356,3,2023-07-01 00:31:53+00:00,42.544,-52.0867,50.2187,8.4642,-62.7612,90.0329
356,90,WS,357,0,2023-07-01 00:51:59+00:00,43.191,-52.646,49.5243,8.3351,-63.4435,89.9661
357,90,WS,358,1,2023-07-01 01:09:41+00:00,43.2028,-52.6805,49.515,8.2972,-63.4743,90.0
358,90,WS,359,2,2023-07-01 01:27:23+00:00,43.2358,-52.7039,49.4887,8.2972,-63.5052,90.0
359,90,WS,360,3,2023-07-01 01:45:05+00:00,43.2476,-52.7384,49.4793,8.2592,-63.536,90.034
360,91,WS,361,0,2023-07-01 02:05:15+00:00,43.7964,-53.3553,48.6557,7.9073,-64.2182,89.9649
361,91,WS,362,1,2023-07-01 02:22:57+00:00,43.8092,-53.3897,48.6454,7.8683,-64.2491,90.0
362,91,WS,363,2,2023-07-01 02:40:39+00:00,43.8434,-53.4128,48.6179,7.8683,-64.2799,90.0
363,91,WS,364,3,2023-07-01 02:58:21+00:00,43.8563,-53.4471,48.6076,7.8292,-64.3107,90.0352
364,92,WS,365,0,2023-07-01 03:18:40+00:00,44.2566,-54.1514,47.5916,7.1416,-64.9929,89.9637
365,92,WS,366,1,2023-07-01 03:36:22+00:00,44.2707,-54.1856,47.5801,7.1015,-65.0237,90.0
366,92,WS,367,2,2023-07-01 03:54:04+00:00,44.3063,-54.2084,47.5513,7.1015,-65.0545,90.0
367,92,WS,368,3,2023-07-01 04:11:46+00:00,44.3205,-54.2426,47.5397,7.0613,-65.0854,90.0365
368,93,WS,369,0,2023-07-01 04:31:58+00:00,44.8913,-54.8661,46.6019,6.6229,-65.7674,89.9623
369,93,WS,370,1,2023-07-01 04:49:40+00:00,44.9068,-54.9002,46.5893,6.5816,-65.7982,90.0
370,93,WS,371,2,2023-07-01 05:07:22+00:00,44.9436,-54.9226,46.5591,6.5816,-65.8291,90.0
371,93,WS,372,3,2023-07-01 05:25:04+00:00,44.9591,-54.9566,46.5464,6.5402,-65.8599,90.0378
372,94,WS,373,0,2023-07-01 05:45:11+00:00,45.9411,-55.3637,45.944,6.8467,-66.5419,89.9609
373,94,WS,374,1,2023-07-01 06:02:53+00:00,45.9574,-55.3976,45.9306,6.8041,-66.5727,90.0
374,94,WS,375,2,2023-07-01 06:20:35+00:00,45.9952,-55.4198,45.8995,6.8041,-66.6035,90.0
375,94,WS,376,3,2023-07-01 06:38:17+00:00,46.0115,-55.4537,45.886,6.7614,-66.6344,90.0392
376,95,WS,377,0,2023-07-01 06:58:43+00:00,47.3839,-55.6496,45.662,7.8344,-67.3162,89.9594
377,95,WS,378,1,2023-07-01 07:16:25+00:00,47.4007,-55.6835,45.6482,7.7904,-67.3471,90.0
378,95,WS,379,2,2023-07-01 07:34:07+00:00,47.4389,-55.7056,45.6166,7.7904,-67.3779,90.0
379,95,WS,380,3,2023-07-01 07:51:49+00:00,47.4557,-55.7394,45.6027,7.7463,-67.4087,90.0407
380,96,WS,381,0,2023-07-01 08:12:17+00:00,47.8439,-56.4877,44.2767,6.7514,-68.0905,89.9579
381,96,WS,382,1,2023-07-01 08:29:59+00:00,47.8625,-56.5213,44.2612,6.706,-68.1213,90.0
382,96,WS,383,2,2023-07-01 08:47:41+00:00,47.9026,-56.5428,44.2278,6.706,-68.1522,90.0
383,96,WS,384,3,2023-07-01 09:05:23+00:00,47.9212,-56.5765,44.2123,6.6604,-68.183,90.0423
384,97,WS,385,0,2023-07-01 09:26:09+00:00,49.6564,-56.5729,44.3811,8.4907,-68.8647,89.9562
385,97,WS,386,1,2023-07-01 09:43:51+00:00,49.6749,-56.6066,44.3657,8.4437,-68.8955,90.0
386,97,WS,387,2,2023-07-01 10:01:33+00:00,49.715,-56.6281,44.3322,8.4437,-68.9263,90.0
387,97,WS,388,3,2023-07-01 10:19:15+00:00,49.7336,-56.6618,44.3167,8.3965,-68.9572,90.044
388,98,WS,389,0,2023-07-01 10:39:42+00:00,50.2032,-57.3815,42.921,7.4215,-69.6387,89.9543
389,98,WS,390,1,2023-07-01 10:57:24+00:00,50.2237,-57.4149,42.9038,7.3728,-69.6696,90.0
390,98,WS,391,2,2023-07-01 11:15:06+00:00,50.2656,-57.4359,42.8684,7.3728,-69.7004,90.0
391,98,WS,392,3,2023-07-01 11:32:48+00:00,50.2862,-57.4693,42.8511,7.3239,-69.7312,90.0459
392,99,WS,393,0,2023-07-01 11:52:56+00:00,51.396,-57.8299,42.1939,7.7217,-70.4126,89.9524
393,99,WS,394,1,2023-07-01 12:10:38+00:00,51.4175,-57.8632,42.1757,7.6711,-70.4435,90.0
394,99,WS,395,2,2023-07-01 12:28:20+00:00,51.4605,-57.8839,42.1393,7.6711,-70.4743,90.0
395,99,WS,396,3,2023-07-01 12:46:02+00:00,51.4822,-57.9171,42.1209,7.6203,-70.5051,90.0478
396,100,CALBLOCK-F-008,397,0,2023-07-01 13:43:20+00:00,292.4039,53.5583,10.7226,320.9197,73.0434,42.0433
397,100,CALBLOCK-F-008,398,1,2023-07-01 13:55:19+00:00,292.4495,53.5359,10.7594,320.9592,73.0102,42.0811
398,100,CALBLOCK-F-008,399,2,2023-07-01 14:07:18+00:00,292.5005,53.5301,10.8004,321.0374,72.9895,42.1559
399,100,CALBLOCK-F-008,400,3,2023-07-01 14:19:17+00:00,292.5461,53.5077,10.837,321.0766,72.9563,42.1933
400,100,CALBLOCK-F-008,401,4,2023-07-01 14:37:19+00:00,292.4038,53.5583,10.6867,320.9196,73.0434,42.0073
401,100,CALBLOCK-F-008,402,5,2023-07-01 14:49:18+00:00,292.4495,53.5359,10.7235,320.9592,73.0102,42.0452
402,100,CALBLOCK-F-008,403,6,2023-07-01 15:01:17+00:00,292.5005,53.5301,10.7645,321.0374,72.9895,42.12
403,100,CALBLOCK-F-008,404,7,2023-07-01 15:13:16+00:00,292.5461,53.5077,10.8012,321.0767,72.9563,42.1575
404,100,CALBLOCK-F-008,405,8,2023-07-01 15:31:18+00:00,292.4038,53.5582,10.6508,320.9195,73.0434,41.9713
405,100,CALBLOCK-F-008,406,9,2023-07-01 15:43:17+00:00,292.4495,53.5359,10.6876,320.9591,73.0102,42.0093
406,100,CALBLOCK-F-008,407,10,2023-07-01 15:55:16+00:00,292.5005,53.5301,10.7286,321.0375,72.9895,42.0842
407,100,CALBLOCK-F-008,408,11,2023-07-01 16:07:15+00:00,292.5461,53.5077,10.7653,321.0768,72.9563,42.1217
408,100,CALBLOCK-F-008,409,12,2023-07-01 16:25:17+00:00,292.4038,53.5582,10.6149,320.9194,73.0434,41.9353
409,100,CALBLOCK-F-008,410,13,2023-07-01 16:37:16+00:00,292.4495,53.5359,10.6517,320.9591,73.0102,41.9733
410,100,CALBLOCK-F-008,411,14,2023-07-01 16:49:15+00:00,292.5005,53.5302,10.6927,321.0375,72.9895,42.0483
411,100,CALBLOCK-F-008,412,15,2023-07-01 17:01:14+00:00,292.5462,53.5078,10.7294,321.0769,72.9563,42.0859
412,100,CALBLOCK-F-008,413,16,2023-07-01 17:19:16+00:00,292.4037,53.5582,10.579,320.9193,73.0434,41.8993
413,100,CALBLOCK-F-008,414,17,2023-07-01 17:31:15+00:00,292.4495,53.5359,10.6158,320.9591,73.0102,41.9374
414,100,CALBLOCK-F-008,415,18,2023-07-01 17:43:14+00:00,292.5005,53.5302,10.6568,321.0375,72.9895,42.0124
415,100,CALBLOCK-F-008,416,19,2023-07-01 17:55:13+00:00,292.5462,53.5078,10.6935,321.077,72.9563,42.0501
416,100,CALBLOCK-F-008,417,20,2023-07-01 18:13:15+00:00,292.4037,53.5582,10.5431,320.9192,73.0434,41.8634
417,100,CALBLOCK-F-008,418,21,2023-07-01 18:25:14+00:00,292.4495,53.5358,10.5799,320.9591,73.0102,41.9015
418,100,CALBLOCK-F-008,419,22,2023-07-01 18:37:13+00:00,292.5005,53.5302,10.6209,321.0375,72.9895,41.9765
419,100,CALBLOCK-F-008,420,23,2023-07-01 18:49:12+00:00,292.5462,53.5078,10.6577,321.0771,72.9563,42.0143
420,100,CALBLOCK-F-008,421,24,2023-07-01 19:07:14+00:00,292.4037,53.5581,10.5072,320.9191,73.0433,41.8274
421,100,CALBLOCK-F-008,422,25,2023-07-01 19:19:13+00:00,292.4495,53.5358,10.544,320.9591,73.0101,41.8656
422,100,CALBLOCK-F-008,423,26,2023-07-01 19:31:12+00:00,292.5005,53.5302,10.585,321.0375,72.9896,41.9407
423,100,CALBLOCK-F-008,424,27,2023-07-01 19:43:11+00:00,292.5462,53.5079,10.6218,321.0772,72.9563,41.9785
424,100,CALBLOCK-F-008,425,28,2023-07-01 20:01:13+00:00,292.4037,53.5581,10.4712,320.919,73.0433,41.7914
425,100,CALBLOCK-F-008,426,29,2023-07-01 20:13:12+00:00,292.4495,53.5358,10.5081,320.959,73.0101,41.8297
426,100,CALBLOCK-F-008,427,30,2023-07-01 20:25:11+00:00,292.5005,53.5302,10.5491,321.0376,72.9896,41.9048
427,100,CALBLOCK-F-008,428,31,2023-07-01 20:37:10+00:00,292.5463,53.5079,10.5859,321.0772,72.9564,41.9427
428,100,CALBLOCK-F-008,429,32,2023-07-01 20:55:12+00:00,292.4036,53.5581,10.4353,320.9189,73.0433,41.7554
429,100,CALBLOCK-F-008,430,33,2023-07-01 21:07:11+00:00,292.4495,53.5358,10.4722,320.959,73.0101,41.7937
430,100,CALBLOCK-F-008,431,34,2023-07-01 21:19:10+00:00,292.5005,53.5302,10.5132,321.0376,72.9896,41.8689
431,100,CALBLOCK-F-008,432,35,2023-07-01 21:31:09+00:00,292.5463,53.5079,10.55,321.0773,72.9564,41.9069
432,100,CALBLOCK-F-008,433,36,2023-07-01 21:49:11+00:00,292.4036,53.558,10.3994,320.9188,73.0433,41.7194
433,100,CALBLOCK-F-008,434,37,2023-07-01 22:01:10+00:00,292.4495,53.5358,10.4363,320.959,73.0101,41.7578
434,100,CALBLOCK-F-008,435,38,2023-07-01 22:13:09+00:00,292.5005,53.5302,10.4773,321.0376,72.9896,41.833
435,100,CALBLOCK-F-008,436,39,2023-07-01 22:25:08+00:00,292.5463,53.5079,10.5141,321.0774,72.9564,41.8711
436,100,CALBLOCK-F-008,437,40,2023-07-01 22:43:10+00:00,292.4036,53.558,10.3635,320.9187,73.0433,41.6834
437,100,CALBLOCK-F-008,438,41,2023-07-01 22:55:09+00:00,292.4495,53.5358,10.4004,320.959,73.0101,41.7219
438,100,CALBLOCK-F-008,439,42,2023-07-01 23:07:08+00:00,292.5005,53.5302,10.4414,321.0376,72.9896,41.7971
439,100,CALBLOCK-F-008,440,43,2023-07-01 23:19:07+00:00,292.5463,53.508,10.4783,321.0775,72.9564,41.8353
440,100,CALBLOCK-F-008,441,44,2023-07-01 23:37:09+00:00,292.4036,53.558,10.3275,320.9186,73.0433,41.6474
441,100,CALBLOCK-F-008,442,45,2023-07-01 23:49:08+00:00,292.4495,53.5358,10.3645,320.9589,73.0101,41.686
442,100,CALBLOCK-F-008,443,46,2023-07-02 00:01:07+00:00,292.5005,53.5302,10.4055,321.0377,72.9896,41.7612
443,100,CALBLOCK-F-008,444,47,2023-07-02 00:13:06+00:00,292.5464,53.508,10.4424,321.0776,72.9564,41.7994
444,100,CALBLOCK-F-008,445,48,2023-07-02 00:31:08+00:00,292.4035,53.558,10.2916,320.9185,73.0433,41.6114
445,100,CALBLOCK-F-008,446,49,2023-07-02 00:43:07+00:00,292.4495,53.5358,10.3286,320.9589,73.0101,41.65
446,100,CALBLOCK-F-008,447,50,2023-07-02 00:55:06+00:00,292.5005,53.5302,10.3696,321.0377,72.9896,41.7253
447,100,CALBLOCK-F-008,448,51,2023-07-02 01:07:05+00:00,292.5464,53.508,10.4065,321.0777,72.9564,41.7636
448,100,CALBLOCK-F-008,449,52,2023-07-02 01:25:07+00:00,292.4035,53.5579,10.2557,320.9184,73.0432,41.5754
449,100,CALBLOCK-F-008,450,53,2023-07-02 01:37:06+00:00,292.4495,53.5358,10.2926,320.9589,73.0101,41.6141
450,100,CALBLOCK-F-008,451,54,2023-07-02 01:49:05+00:00,292.5005,53.5302,10.3337,321.0377,72.9896,41.6894
451,100,CALBLOCK-F-008,452,55,2023-07-02 02:01:04+00:00,292.5464,53.508,10.3706,321.0778,72.9564,41.7278
452,100,CALBLOCK-F-008,453,56,2023-07-02 02:19:06+00:00,292.4035,53.5579,10.2197,320.9183,73.0432,41.5394
453,100,CALBLOCK-F-008,454,57,2023-07-02 02:31:05+00:00,292.4495,53.5358,10.2567,320.9589,73.0101,41.5782
454,100,CALBLOCK-F-008,455,58,2023-07-02 02:43:04+00:00,292.5005,53.5303,10.2978,321.0377,72.9896,41.6536
455,100,CALBLOCK-F-008,456,59,2023-07-02 02:55:03+00:00,292.5464,53.5081,10.3347,321.0779,72.9565,41.692
456,100,CALBLOCK-F-008,457,60,2023-07-02 03:13:05+00:00,292.4035,53.5579,10.1838,320.9183,73.0432,41.5034
457,100,CALBLOCK-F-008,458,61,2023-07-02 03:25:04+00:00,292.4495,53.5357,10.2208,320.9589,73.0101,41.5422
458,100,CALBLOCK-F-008,459,62,2023-07-02 03:37:03+00:00,292.5005,53.5303,10.2619,321.0377,72.9896,41.6177
459,100,CALBLOCK-F-008,460,63,2023-07-02 03:49:02+00:00,292.5465,53.5081,10.2988,321.078,72.9565,41.6561
460,100,CALBLOCK-F-008,461,64,2023-07-02 04:07:04+00:00,292.4034,53.5579,10.1478,320.9182,73.0432,41.4674
461,100,CALBLOCK-F-008,462,65,2023-07-02 04:19:03+00:00,292.4495,53.5357,10.1849,320.9588,73.0101,41.5063
462,100,CALBLOCK-F-008,463,66,2023-07-02 04:31:02+00:00,292.5005,53.5303,10.2259,321.0378,72.9896,41.5818
463,100,CALBLOCK-F-008,464,67,2023-07-02 04:43:01+00:00,292.5465,53.5081,10.2629,321.0781,72.9565,41.6203
464,100,CALBLOCK-F-008,465,68,2023-07-02 05:01:03+00:00,292.4034,53.5578,10.1119,320.9181,73.0432,41.4314
465,100,CALBLOCK-F-008,466,69,2023-07-02 05:13:02+00:00,292.4495,53.5357,10.149,320.9588,73.0101,41.4703
466,100,CALBLOCK-F-008,467,70,2023-07-02 05:25:01+00:00,292.5005,53.5303,10.19,321.0378,72.9896,41.5459
467,100,CALBLOCK-F-008,468,71,2023-07-02 05:37:00+00:00,292.5465,53.5081,10.227,321.0782,72.9565,41.5845
468,100,CALBLOCK-F-008,469,72,2023-07-02 05:55:02+00:00,292.4034,53.5578,10.076,320.918,73.0432,41.3954
469,100,CALBLOCK-F-008,470,73,2023-07-02 06:07:01+00:00,292.4495,53.5357,10.113,320.9588,73.0101,41.4344
470,100,CALBLOCK-F-008,471,74,2023-07-02 06:19:00+00:00,292.5005,53.5303,10.1541,321.0378,72.9896,41.51
471,100,CALBLOCK-F-008,472,75,2023-07-02 06:30:59+00:00,292.5465,53.5082,10.1911,321.0783,72.9565,41.5486
472,100,CALBLOCK-F-008,473,76,2023-07-02 06:49:01+00:00,292.4034,53.5578,10.04,320.9179,73.0431,41.3593
473,100,CALBLOCK-F-008,474,77,2023-07-02 07:01:00+00:00,292.4495,53.5357,10.0771,320.9588,73.0101,41.3985
474,100,CALBLOCK-F-008,475,78,2023-07-02 07:12:59+00:00,292.5005,53.5303,10.1182,321.0378,72.9896,41.4741
475,100,CALBLOCK-F-008,476,79,2023-07-02 07:24:58+00:00,292.5466,53.5082,10.1552,321.0784,72.9565,41.5128
476,100,CALBLOCK-F-008,477,80,2023-07-02 07:43:00+00:00,292.4033,53.5578,10.0041,320.9178,73.0431,41.3233
477,100,CALBLOCK-F-008,478,81,2023-07-02 07:54:59+00:00,292.4495,53.5357,10.0412,320.9587,73.01,41.3625
478,100,CALBLOCK-F-008,479,82,2023-07-02 08:06:58+00:00,292.5005,53.5303,10.0823,321.0379,72.9897,41.4382
479,100,CALBLOCK-F-008,480,83,2023-07-02 08:18:57+00:00,292.5466,53.5082,10.1193,321.0785,72.9565,41.477
480,100,CALBLOCK-F-008,481,84,2023-07-02 08:36:59+00:00,292.4033,53.5577,9.9681,320.9177,73.0431,41.2873
481,100,CALBLOCK-F-008,482,85,2023-07-02 08:48:58+00:00,292.4495,53.5357,10.0053,320.9587,73.01,41.3266
482,100,CALBLOCK-F-008,483,86,2023-07-02 09:00:57+00:00,292.5005,53.5303,10.0463,321.0379,72.9897,41.4022
483,100,CALBLOCK-F-008,484,87,2023-07-02 09:12:56+00:00,292.5466,53.5083,10.0834,321.0785,72.9566,41.4411
484,100,CALBLOCK-F-008,485,88,2023-07-02 09:30:58+00:00,292.4033,53.5577,9.9322,320.9176,73.0431,41.2513
485,100,CALBLOCK-F-008,486,89,2023-07-02 09:42:57+00:00,292.4495,53.5357,9.9693,320.9587,73.01,41.2906
486,100,CALBLOCK-F-008,487,90,2023-07-02 09:54:56+00:00,292.5005,53.5303,10.0104,321.0379,72.9897,41.3663
487,100,CALBLOCK-F-008,488,91,2023-07-02 10:06:55+00:00,292.5467,53.5083,10.0475,321.0786,72.9566,41.4053
488,100,CALBLOCK-F-008,489,92,2023-07-02 10:24:57+00:00,292.4032,53.5577,9.8962,320.9175,73.0431,41.2153
489,100,CALBLOCK-F-008,490,93,2023-07-02 10:36:56+00:00,292.4495,53.5357,9.9334,320.9587,73.01,41.2547
490,100,CALBLOCK-F-008,491,94,2023-07-02 10:48:55+00:00,292.5006,53.5303,9.9745,321.0379,72.9897,41.3304
491,100,CALBLOCK-F-008,492,95,2023-07-02 11:00:54+00:00,292.5467,53.5083,10.0116,321.0787,72.9566,41.3694
492,100,CALBLOCK-F-008,493,96,2023-07-02 11:18:56+00:00,292.4032,53.5576,9.8603,320.9174,73.0431,41.1792
493,100,CALBLOCK-F-008,494,97,2023-07-02 11:30:55+00:00,292.4495,53.5357,9.8975,320.9587,73.01,41.2187
494,100,CALBLOCK-F-008,495,98,2023-07-02 11:42:54+00:00,292.5006,53.5304,9.9385,321.0379,72.9897,41.2945
495,100,CALBLOCK-F-008,496,99,2023-07-02 11:54:53+00:00,292.5467,53.5083,9.9756,321.0788,72.9566,41.3336
496,101,WS,497,0,2023-07-02 12:40:42+00:00,52.3601,-58.4218,41.076,7.4071,-71.1864,89.9503
497,101,WS,498,1,2023-07-02 12:58:24+00:00,52.3832,-58.4548,41.0563,7.3546,-71.2173,90.0
498,101,WS,499,2,2023-07-02 13:16:06+00:00,52.4277,-58.4751,41.0184,7.3546,-71.2481,90.0
499,101,WS,500,3,2023-07-02 13:33:48+00:00,52.451,-58.5081,40.9986,7.3018,-71.2789,90.05
500,102,WS,501,0,2023-07-02 13:54:11+00:00,53.8351,-58.7156,40.6611,8.2988,-71.9601,89.948
501,102,WS,502,1,2023-07-02 14:11:53+00:00,53.8589,-58.7485,40.6407,8.2441,-71.9909,90.0
502,102,WS,503,2,2023-07-02 14:29:35+00:00,53.9041,-58.7686,40.6022,8.2441,-72.0218,90.0
503,102,WS,504,3,2023-07-02 14:47:17+00:00,53.928,-58.8015,40.5817,8.1891,-72.0526,90.0523
504,103,WS,505,0,2023-07-02 15:07:53+00:00,54.4677,-59.5345,38.7906,6.9083,-72.7336,89.9455
505,103,WS,506,1,2023-07-02 15:25:35+00:00,54.4942,-59.567,38.7678,6.8512,-72.7644,90.0
506,103,WS,507,2,2023-07-02 15:43:17+00:00,54.5417,-59.5863,38.7268,6.8512,-72.7953,90.0
507,103,WS,508,3,2023-07-02 16:00:59+00:00,54.5683,-59.6188,38.7039,6.7938,-72.8261,90.0548
508,104,WS,509,0,2023-07-02 16:21:32+00:00,56.113,-59.7335,38.572,8.1662,-73.5069,89.9428
509,104,WS,510,1,2023-07-02 16:39:14+00:00,56.1399,-59.766,38.5487,8.1065,-73.5378,90.0
510,104,WS,511,2,2023-07-02 16:56:56+00:00,56.1878,-59.7852,38.5073,8.1065,-73.5686,90.0
511,104,WS,512,3,2023-07-02 17:14:38+00:00,56.2148,-59.8176,38.484,8.0465,-73.5994,90.0576
512,105,WS,513,0,2023-07-02 17:34:50+00:00,57.4953,-60.1036,37.8529,8.6658,-74.2801,89.9398
513,105,WS,514,1,2023-07-02 17:52:32+00:00,57.5233,-60.1359,37.8286,8.6033,-74.3109,90.0
514,105,WS,515,2,2023-07-02 18:10:14+00:00,57.5723,-60.1548,37.7862,8.6033,-74.3417,90.0
515,105,WS,516,3,2023-07-02 18:27:56+00:00,57.6004,-60.1871,37.7618,8.5404,-74.3726,90.0606
516,106,WS,517,0,2023-07-02 18:48:54+00:00,61.1165,-61.6217,33.9355,7.8984,-76.5982,89.9289
517,106,WS,518,1,2023-07-02 19:06:36+00:00,61.1505,-61.6529,33.9057,7.8253,-76.629,90.0
518,106,WS,519,2,2023-07-02 19:24:18+00:00,61.2044,-61.6701,33.8582,7.8253,-76.6599,90.0
519,106,WS,520,3,2023-07-02 19:42:00+00:00,61.2385,-61.7014,33.8282,7.7517,-76.6907,90.0716
520,107,WS,521,0,2023-07-02 20:02:31+00:00,62.788,-61.8275,33.6279,9.098,-77.3704,89.9244
521,107,WS,522,1,2023-07-02 20:20:13+00:00,62.8225,-61.8587,33.5974,9.0205,-77.4012,90.0
522,107,WS,523,2,2023-07-02 20:37:55+00:00,62.877,-61.8757,33.5494,9.0205,-77.4321,90.0
523,107,WS,524,3,2023-07-02 20:55:37+00:00,62.9117,-61.9069,33.5188,8.9425,-77.4629,90.0762
524,108,WS,525,0,2023-07-02 21:16:37+00:00,58.8579,-60.4935,37.0372,9.0507,-75.053,89.9365
525,108,WS,526,1,2023-07-02 21:34:19+00:00,58.8872,-60.5256,37.0117,8.985,-75.0838,90.0
526,108,WS,527,2,2023-07-02 21:52:01+00:00,58.9372,-60.5441,36.9681,8.985,-75.1147,90.0
527,108,WS,528,3,2023-07-02 22:09:43+00:00,58.9666,-60.5762,36.9425,8.9189,-75.1455,90.0639
528,109,WS,529,0,2023-07-02 22:30:38+00:00,56.9585,-59.2108,40.1286,10.5491,-73.5069,89.9428
529,109,WS,530,1,2023-07-02 22:48:20+00:00,56.9832,-59.2436,40.1074,10.4895,-73.5378,90.0
530,109,WS,531,2,2023-07-02 23:06:02+00:00,57.0294,-59.2635,40.0677,10.4895,-73.5686,90.0
531,109,WS,532,3,2023-07-02 23:23:44+00:00,57.0542,-59.2963,40.0464,10.4295,-73.5994,90.0576
532,110,WS,533,0,2023-07-02 23:44:22+00:00,55.3197,-59.0078,40.2567,9.2106,-72.7336,89.9455
533,110,WS,534,1,2023-07-03 00:02:04+00:00,55.3442,-59.0407,40.2358,9.1535,-72.7644,90.0
534,110,WS,535,2,2023-07-03 00:19:46+00:00,55.3899,-59.0606,40.1965,9.1535,-72.7953,90.0
535,110,WS,536,3,2023-07-03 00:37:28+00:00,55.4145,-59.0934,40.1754,9.0961,-72.8261,90.0548
536,111,WS,537,0,2023-07-03 00:58:06+00:00,54.7058,-58.1989,42.0339,10.5229,-71.9601,89.948
537,111,WS,538,1,2023-07-03 01:15:48+00:00,54.7277,-58.2322,42.0152,10.4682,-71.9909,90.0
538,111,WS,539,2,2023-07-03 01:33:30+00:00,54.7713,-58.2528,41.9782,10.4682,-72.0218,90.0
539,111,WS,540,3,2023-07-03 01:51:12+00:00,54.7933,-58.286,41.9594,10.4132,-72.0526,90.0523
540,112,WS,541,0,2023-07-03 02:11:42+00:00,53.2118,-57.9186,42.3323,9.4988,-71.1864,89.9503
541,112,WS,542,1,2023-07-03 02:29:24+00:00,53.2332,-57.9519,42.3142,9.4462,-71.2173,90.0
542,112,WS,543,2,2023-07-03 02:47:06+00:00,53.2762,-57.9726,42.2777,9.4462,-71.2481,90.0
543,112,WS,544,3,2023-07-03 03:04:48+00:00,53.2978,-58.0059,42.2594,9.3934,-71.2789,90.05
544,113,WS,545,0,2023-07-03 03:25:03+00:00,52.2729,-57.323,43.3969,9.7842,-70.4126,89.9524
545,113,WS,546,1,2023-07-03 03:42:45+00:00,52.2928,-57.3565,43.3801,9.7336,-70.4435,90.0
546,113,WS,547,2,2023-07-03 04:00:27+00:00,52.3344,-57.3776,43.3451,9.7336,-70.4743,90.0
547,113,WS,548,3,2023-07-03 04:18:09+00:00,52.3544,-57.4111,43.3282,9.6829,-70.5051,90.0478
548,114,WS,549,0,2023-07-03 04:38:26+00:00,51.0561,-56.894,44.0158,9.3535,-69.6387,89.9543
549,114,WS,550,1,2023-07-03 04:56:08+00:00,51.0751,-56.9276,43.9999,9.3048,-69.6696,90.0
550,114,WS,551,2,2023-07-03 05:13:50+00:00,51.1158,-56.949,43.9658,9.3048,-69.7004,90.0
551,114,WS,552,3,2023-07-03 05:31:32+00:00,51.1349,-56.9826,43.9497,9.2559,-69.7312,90.0459
552,115,WS,553,0,2023-07-03 05:52:03+00:00,50.5299,-56.0877,45.4275,10.3919,-68.8647,89.9562
553,115,WS,554,1,2023-07-03 06:09:45+00:00,50.5471,-56.1216,45.4133,10.3449,-68.8955,90.0
554,115,WS,555,2,2023-07-03 06:27:27+00:00,50.586,-56.1435,45.381,10.3449,-68.9263,90.0
555,115,WS,556,3,2023-07-03 06:45:09+00:00,50.6032,-56.1774,45.3667,10.2978,-68.9572,90.044
556,116,WS,557,0,2023-07-03 07:05:58+00:00,48.7034,-56.0069,45.247,8.5674,-68.0905,89.9579
557,116,WS,558,1,2023-07-03 07:23:40+00:00,48.7207,-56.0407,45.2327,8.522,-68.1213,90.0
558,116,WS,559,2,2023-07-03 07:41:22+00:00,48.7596,-56.0626,45.2004,8.522,-68.1522,90.0
559,116,WS,560,3,2023-07-03 07:59:04+00:00,48.777,-56.0964,45.186,8.4764,-68.183,90.0423
560,117,WS,561,0,2023-07-03 08:19:35+00:00,48.2488,-55.1782,46.5785,9.5994,-67.3162,89.9594
561,117,WS,562,1,2023-07-03 08:37:17+00:00,48.2644,-55.2122,46.5657,9.5555,-67.3471,90.0
562,117,WS,563,2,2023-07-03 08:54:59+00:00,48.3016,-55.2346,46.5352,9.5555,-67.3779,90.0
563,117,WS,564,3,2023-07-03 09:12:41+00:00,48.3172,-55.2686,46.5223,9.5114,-67.4087,90.0407
564,118,WS,565,0,2023-07-03 09:33:11+00:00,46.8156,-54.8878,46.8173,8.5808,-66.5419,89.9609
565,118,WS,566,1,2023-07-03 09:50:53+00:00,46.8308,-54.9219,46.8049,8.5382,-66.5727,90.0
566,118,WS,567,2,2023-07-03 10:08:35+00:00,46.8676,-54.9444,46.7748,8.5382,-66.6035,90.0
567,118,WS,568,3,2023-07-03 10:26:17+00:00,46.8829,-54.9784,46.7623,8.4955,-66.6344,90.0392
568,119,WS,569,0,2023-07-03 10:46:32+00:00,45.7595,-54.3983,47.4193,8.2957,-65.7674,89.9623
569,119,WS,570,1,2023-07-03 11:04:14+00:00,45.7739,-54.4325,47.4076,8.2545,-65.7982,90.0
570,119,WS,571,2,2023-07-03 11:21:56+00:00,45.8098,-54.4552,47.3784,8.2545,-65.8291,90.0
571,119,WS,572,3,2023-07-03 11:39:38+00:00,45.8243,-54.4893,47.3666,8.213,-65.8599,90.0378
572,120,WS,573,0,2023-07-03 11:59:56+00:00,45.1227,-53.6924,48.3627,8.7649,-64.9929,89.9637
573,120,WS,574,1,2023-07-03 12:17:38+00:00,45.1359,-53.7267,48.352,8.7248,-65.0237,90.0
574,120,WS,575,2,2023-07-03 12:35:20+00:00,45.1706,-53.7497,48.3241,8.7248,-65.0545,90.0
575,120,WS,576,3,2023-07-03 12:53:02+00:00,45.1839,-53.784,48.3134,8.6846,-65.0854,90.0365
576,121,WS,577,0,2023-07-03 13:13:26+00:00,44.6737,-52.8987,49.3966,9.5095,-64.2182,89.9649
577,121,WS,578,1,2023-07-03 13:31:08+00:00,44.6856,-52.9331,49.3871,9.4705,-64.2491,90.0
578,121,WS,579,2,2023-07-03 13:48:50+00:00,44.7189,-52.9565,49.3605,9.4705,-64.2799,90.0
579,121,WS,580,3,2023-07-03 14:06:32+00:00,44.7309,-52.991,49.3509,9.4314,-64.3107,90.0352
580,122,WS,581,0,2023-07-03 14:26:49+00:00,44.0615,-52.1991,50.2228,9.8872,-63.4435,89.9661
581,122,WS,582,1,2023-07-03 14:44:31+00:00,44.0724,-52.2337,50.2142,9.8493,-63.4743,90.0
582,122,WS,583,2,2023-07-03 15:02:13+00:00,44.1047,-52.2574,50.1887,9.8493,-63.5052,90.0
583,122,WS,584,3,2023-07-03 15:19:55+00:00,44.1157,-52.2919,50.18,9.8113,-63.536,90.034
584,123,WS,585,0,2023-07-03 15:40:09+00:00,43.3489,-51.5578,50.9165,10.0353,-62.6687,89.9672
585,123,WS,586,1,2023-07-03 15:57:51+00:00,43.359,-51.5924,50.9086,9.9984,-62.6996,90.0
586,123,WS,587,2,2023-07-03 16:15:33+00:00,43.3903,-51.6164,50.8841,9.9984,-62.7304,90.0
587,123,WS,588,3,2023-07-03 16:33:15+00:00,43.4005,-51.651,50.8761,9.9614,-62.7612,90.0329
588,124,WS,589,0,2023-07-03 16:53:34+00:00,42.2476,-51.1171,51.2843,9.4781,-61.8939,89.9683
589,124,WS,590,1,2023-07-03 17:11:16+00:00,42.2572,-51.1518,51.2767,9.4421,-61.9247,90.0
590,124,WS,591,2,2023-07-03 17:28:58+00:00,42.288,-51.1759,51.2528,9.4421,-61.9555,90.0
591,124,WS,592,3,2023-07-03 17:46:40+00:00,42.2977,-51.2105,51.2452,9.406,-61.9864,90.0318
592,125,WS,593,0,2023-07-03 18:07:01+00:00,41.8626,-50.3225,52.1372,10.1083,-61.1189,89.9693
593,125,WS,594,1,2023-07-03 18:24:43+00:00,41.8713,-50.3572,52.1305,10.0732,-61.1498,90.0
594,125,WS,595,2,2023-07-03 18:42:25+00:00,41.901,-50.3816,52.1076,10.0732,-61.1806,90.0
595,125,WS,596,3,2023-07-03 19:00:07+00:00,41.9097,-50.4163,52.1009,10.038,-61.2114,90.0308
596,126,WS,597,0,2023-07-03 19:20:24+00:00,40.8595,-49.8402,52.5235,9.6681,-60.344,89.9702
597,126,WS,598,1,2023-07-03 19:38:06+00:00,40.8677,-49.875,52.5172,9.6338,-60.3748,90.0
598,126,WS,599,2,2023-07-03 19:55:48+00:00,40.8968,-49.8995,52.4949,9.6338,-60.4056,90.0
599,126,WS,600,3,2023-07-03 20:13:30+00:00,40.9051,-49.9342,52.4886,9.5995,-60.4365,90.0299
600,127,WS,601,0,2023-07-03 20:33:44+00:00,40.0154,-49.2828,52.9958,9.4706,-59.5689,89.9711
601,127,WS,602,1,2023-07-03 20:51:26+00:00,40.0232,-49.3176,52.99,9.4371,-59.5998,90.0
602,127,WS,603,2,2023-07-03 21:09:08+00:00,40.0516,-49.3422,52.9684,9.4371,-59.6306,90.0
603,127,WS,604,3,2023-07-03 21:26:50+00:00,40.0594,-49.377,52.9625,9.4036,-59.6614,90.0289
604,128,WS,605,0,2023-07-03 21:47:04+00:00,39.3891,-48.6226,53.5772,9.5965,-58.7938,89.972
605,128,WS,606,1,2023-07-03 22:04:46+00:00,39.3962,-48.6575,53.5719,9.5638,-58.8247,90.0
606,128,WS,607,2,2023-07-03 22:22:28+00:00,39.4239,-48.6823,53.5511,9.5638,-58.8555,90.0
607,128,WS,608,3,2023-07-03 22:40:10+00:00,39.431,-48.7172,53.5458,9.531,-58.8863,90.0281
608,129,WS,609,0,2023-07-03 23:00:24+00:00,38.5354,-48.0772,53.9951,9.3372,-58.0187,89.9728
609,129,WS,610,1,2023-07-03 23:18:06+00:00,38.542,-48.1121,53.9901,9.3052,-58.0495,90.0
610,129,WS,611,2,2023-07-03 23:35:48+00:00,38.5692,-48.137,53.9699,9.3052,-58.0803,90.0
611,129,WS,612,3,2023-07-03 23:53:30+00:00,38.5759,-48.1719,53.9649,9.2731,-58.1112,90.0272
612,130,WS,613,0,2023-07-04 00:13:54+00:00,37.3621,-47.6895,54.2186,8.5704,-57.2434,89.9736
613,130,WS,614,1,2023-07-04 00:31:36+00:00,37.3685,-47.7244,54.2139,8.5391,-57.2743,90.0
614,130,WS,615,2,2023-07-04 00:49:18+00:00,37.3953,-47.7494,54.194,8.5391,-57.3051,90.0
615,130,WS,616,3,2023-07-04 01:07:00+00:00,37.4017,-47.7843,54.1893,8.5077,-57.3359,90.0264
616,131,WS,617,0,2023-07-04 01:27:32+00:00,37.4086,-46.717,55.0858,9.6459,-56.4682,89.9744
617,131,WS,618,1,2023-07-04 01:45:14+00:00,37.4141,-46.752,55.0818,9.6152,-56.499,90.0
618,131,WS,619,2,2023-07-04 02:02:56+00:00,37.4399,-46.7772,55.063,9.6152,-56.5299,90.0
619,131,WS,620,3,2023-07-04 02:20:38+00:00,37.4454,-46.8122,55.059,9.5845,-56.5607,90.0256
620,132,WS,621,0,2023-07-04 02:40:56+00:00,36.4475,-46.2325,55.3851,9.1659,-55.6929,89.9752
621,132,WS,622,1,2023-07-04 02:58:38+00:00,36.4526,-46.2675,55.3814,9.1358,-55.7237,90.0
622,132,WS,623,2,2023-07-04 03:16:20+00:00,36.478,-46.2929,55.3631,9.1358,-55.7545,90.0
623,132,WS,624,3,2023-07-04 03:34:02+00:00,36.4832,-46.3279,55.3593,9.1057,-55.7854,90.0249
624,133,WS,625,0,2023-07-04 03:54:16+00:00,35.6953,-45.6509,55.7775,8.9849,-54.9175,89.9759
625,133,WS,626,1,2023-07-04 04:11:58+00:00,35.7001,-45.6859,55.7741,8.9554,-54.9484,90.0
626,133,WS,627,2,2023-07-04 04:29:40+00:00,35.7249,-45.7114,55.7563,8.9554,-54.9792,90.0
627,133,WS,628,3,2023-07-04 04:47:22+00:00,35.7297,-45.7464,55.7528,8.9258,-55.01,90.0242
628,134,WS,629,0,2023-07-04 05:07:49+00:00,36.5231,-45.2593,56.1847,10.2034,-54.9175,89.9759
629,134,WS,630,1,2023-07-04 05:25:31+00:00,36.5275,-45.2944,56.1816,10.1739,-54.9484,90.0
630,134,WS,631,2,2023-07-04 05:43:13+00:00,36.5519,-45.32,56.1642,10.1739,-54.9792,90.0
631,134,WS,632,3,2023-07-04 06:00:55+00:00,36.5563,-45.355,56.1611,10.1444,-55.01,90.0242
632,135,WS,633,0,2023-07-04 06:21:02+00:00,37.2642,-45.8445,55.804,10.3848,-55.6929,89.9752
633,135,WS,634,1,2023-07-04 06:38:44+00:00,37.269,-45.8796,55.8006,10.3548,-55.7237,90.0
634,135,WS,635,2,2023-07-04 06:56:26+00:00,37.2939,-45.9051,55.7827,10.3548,-55.7545,90.0
635,135,WS,636,3,2023-07-04 07:14:08+00:00,37.2987,-45.9401,55.7793,10.3246,-55.7854,90.0249
636,136,WS,637,0,2023-07-04 07:34:21+00:00,38.2392,-46.3217,55.5317,10.9038,-56.4682,89.9744
637,136,WS,638,1,2023-07-04 07:52:03+00:00,38.2442,-46.3567,55.5281,10.8732,-56.499,90.0
638,136,WS,639,2,2023-07-04 08:09:45+00:00,38.2695,-46.3822,55.5097,10.8732,-56.5299,90.0
639,136,WS,640,3,2023-07-04 08:27:27+00:00,38.2746,-46.4172,55.5061,10.8424,-56.5607,90.0256
640,137,WS,641,0,2023-07-04 08:47:54+00:00,38.1974,-47.2865,54.6807,9.8521,-57.2434,89.9736
641,137,WS,642,1,2023-07-04 09:05:36+00:00,38.2033,-47.3215,54.6764,9.8208,-57.2743,90.0
642,137,WS,643,2,2023-07-04 09:23:18+00:00,38.2296,-47.3467,54.6571,9.8208,-57.3051,90.0
643,137,WS,644,3,2023-07-04 09:41:00+00:00,38.2355,-47.3816,54.6527,9.7894,-57.3359,90.0264
644,138,WS,645,0,2023-07-04 10:01:21+00:00,39.3808,-47.6693,54.4868,10.656,-58.0187,89.9728
645,138,WS,646,1,2023-07-04 10:19:03+00:00,39.3869,-47.7042,54.4823,10.624,-58.0495,90.0
646,138,WS,647,2,2023-07-04 10:36:45+00:00,39.4135,-47.7293,54.4626,10.624,-58.0803,90.0
647,138,WS,648,3,2023-07-04 10:54:27+00:00,39.4197,-47.7642,54.458,10.5919,-58.1112,90.0272
648,139,WS,649,0,2023-07-04 11:15:01+00:00,40.8657,-48.8675,53.5361,10.8422,-59.5689,89.9711
649,139,WS,650,1,2023-07-04 11:32:43+00:00,40.8728,-48.9024,53.5307,10.8088,-59.5998,90.0
650,139,WS,651,2,2023-07-04 11:50:25+00:00,40.9007,-48.9272,53.5097,10.8088,-59.6306,90.0
651,139,WS,652,3,2023-07-04 12:08:07+00:00,40.9079,-48.962,53.5043,10.7752,-59.6614,90.0289
652,140,WS,653,0,2023-07-04 12:28:20+00:00,40.2339,-48.2132,54.0915,10.9366,-58.7938,89.972
653,140,WS,654,1,2023-07-04 12:46:02+00:00,40.2405,-48.2481,54.0866,10.9039,-58.8247,90.0
654,140,WS,655,2,2023-07-04 13:03:44+00:00,40.2677,-48.273,54.0663,10.9039,-58.8555,90.0
655,140,WS,656,3,2023-07-04 13:21:26+00:00,40.2742,-48.308,54.0614,10.8711,-58.8863,90.0281
656,141,WS,657,0,2023-07-04 13:42:06+00:00,39.031,-46.8882,55.148,11.1337,-57.2434,89.9736
657,141,WS,658,1,2023-07-04 13:59:48+00:00,39.0365,-46.9232,55.1441,11.1024,-57.2743,90.0
658,141,WS,659,2,2023-07-04 14:17:30+00:00,39.0623,-46.9485,55.1252,11.1024,-57.3051,90.0
659,141,WS,660,3,2023-07-04 14:35:12+00:00,39.0678,-46.9835,55.1212,11.071,-57.3359,90.0264
660,142,WS,661,0,2023-07-04 14:55:53+00:00,38.0794,-45.4608,56.2279,11.6037,-55.6929,89.9752
661,142,WS,662,1,2023-07-04 15:13:35+00:00,38.0838,-45.4958,56.2248,11.5737,-55.7237,90.0
662,142,WS,663,2,2023-07-04 15:31:17+00:00,38.1083,-45.5215,56.2074,11.5737,-55.7545,90.0
663,142,WS,664,3,2023-07-04 15:48:59+00:00,38.1126,-45.5565,56.2042,11.5435,-55.7854,90.0249
664,143,WS,665,0,2023-07-04 16:09:13+00:00,37.3492,-44.8719,56.5971,11.422,-54.9175,89.9759
665,143,WS,666,1,2023-07-04 16:26:55+00:00,37.3532,-44.9069,56.5943,11.3925,-54.9484,90.0
666,143,WS,667,2,2023-07-04 16:44:37+00:00,37.3771,-44.9327,56.5773,11.3925,-54.9792,90.0
667,143,WS,668,3,2023-07-04 17:02:19+00:00,37.3812,-44.9678,56.5745,11.3629,-55.01,90.0242
668,144,WS,669,0,2023-07-04 17:22:46+00:00,38.1737,-44.4887,57.0145,12.6405,-54.9175,89.9759
669,144,WS,670,1,2023-07-04 17:40:28+00:00,38.1773,-44.5238,57.012,12.611,-54.9484,90.0
670,144,WS,671,2,2023-07-04 17:58:10+00:00,38.2008,-44.5496,56.9955,12.611,-54.9792,90.0
671,144,WS,672,3,2023-07-04 18:15:52+00:00,38.2044,-44.5847,56.9929,12.5815,-55.01,90.0242
672,145,WS,673,0,2023-07-04 18:35:59+00:00,38.8932,-45.0813,56.6567,12.8226,-55.6929,89.9752
673,145,WS,674,1,2023-07-04 18:53:41+00:00,38.8971,-45.1163,56.6539,12.7926,-55.7237,90.0
674,145,WS,675,2,2023-07-04 19:11:23+00:00,38.9211,-45.1421,56.6368,12.7926,-55.7545,90.0
675,145,WS,676,3,2023-07-04 19:29:05+00:00,38.9251,-45.1772,56.634,12.7624,-55.7854,90.0249
676,146,WS,677,0,2023-07-04 19:49:21+00:00,39.0682,-45.931,55.9826,12.1618,-56.4682,89.9744
677,146,WS,678,1,2023-07-04 20:07:03+00:00,39.0729,-45.966,55.9793,12.1311,-56.499,90.0
678,146,WS,679,2,2023-07-04 20:24:45+00:00,39.0977,-45.9916,55.9615,12.1311,-56.5299,90.0
679,146,WS,680,3,2023-07-04 20:42:27+00:00,39.1023,-46.0266,55.9581,12.1004,-56.5607,90.0256
680,147,WS,681,0,2023-07-04 21:02:35+00:00,39.8633,-46.4945,55.6202,12.4154,-57.2434,89.9736
681,147,WS,682,1,2023-07-04 21:20:17+00:00,39.8683,-46.5295,55.6166,12.3841,-57.2743,90.0
682,147,WS,683,2,2023-07-04 21:37:59+00:00,39.8936,-46.555,55.5983,12.3841,-57.3051,90.0
683,147,WS,684,3,2023-07-04 21:55:41+00:00,39.8986,-46.59,55.5946,12.3527,-57.3359,90.0264
684,148,WS,685,0,2023-07-04 22:15:52+00:00,40.2247,-47.2662,54.9836,11.9749,-58.0187,89.9728
685,148,WS,686,1,2023-07-04 22:33:34+00:00,40.2303,-47.3012,54.9794,11.9429,-58.0495,90.0
686,148,WS,687,2,2023-07-04 22:51:16+00:00,40.2564,-47.3265,54.9602,11.9429,-58.0803,90.0
687,148,WS,688,3,2023-07-04 23:08:58+00:00,40.2621,-47.3614,54.9561,11.9108,-58.1112,90.0272
688,149,WS,689,0,2023-07-04 23:29:06+00:00,41.0776,-47.8088,54.6106,12.2767,-58.7938,89.972
689,149,WS,690,1,2023-07-04 23:46:48+00:00,41.0836,-47.8437,54.6061,12.244,-58.8247,90.0
690,149,WS,691,2,2023-07-05 00:04:30+00:00,41.1102,-47.8689,54.5864,12.244,-58.8555,90.0
691,149,WS,692,3,2023-07-05 00:22:12+00:00,41.1163,-47.9038,54.5819,12.2112,-58.8863,90.0281
692,150,WS,693,0,2023-07-05 00:42:17+00:00,41.7149,-48.4576,54.0812,12.2138,-59.5689,89.9711
693,150,WS,694,1,2023-07-05 00:59:59+00:00,41.7215,-48.4925,54.0762,12.1804,-59.5998,90.0
694,150,WS,695,2,2023-07-05 01:17:41+00:00,41.7488,-48.5174,54.0558,12.1804,-59.6306,90.0
695,150,WS,696,3,2023-07-05 01:35:23+00:00,41.7554,-48.5523,54.0508,12.1468,-59.6614,90.0289
696,151,WS,697,0,2023-07-05 01:55:53+00:00,41.7099,-49.4227,53.0896,11.0651,-60.344,89.9702
697,151,WS,698,1,2023-07-05 02:13:35+00:00,41.7176,-49.4575,53.0838,11.0309,-60.3748,90.0
698,151,WS,699,2,2023-07-05 02:31:17+00:00,41.7461,-49.4821,53.0621,11.0309,-60.4056,90.0
699,151,WS,700,3,2023-07-05 02:48:59+00:00,41.7538,-49.517,53.0562,10.9965,-60.4365,90.0299
700,152,WS,701,0,2023-07-05 03:09:11+00:00,42.7205,-49.8998,52.7367,11.5448,-61.1189,89.9693
701,152,WS,702,1,2023-07-05 03:26:53+00:00,42.7286,-49.9346,52.7306,11.5097,-61.1498,90.0
702,152,WS,703,2,2023-07-05 03:44:35+00:00,42.7576,-49.9591,52.7084,11.5097,-61.1806,90.0
703,152,WS,704,3,2023-07-05 04:02:17+00:00,42.7657,-49.9939,52.7022,11.4746,-61.2114,90.0308
704,153,WS,705,0,2023-07-05 04:22:31+00:00,43.1142,-50.6844,51.917,10.9578,-61.8939,89.9683
705,153,WS,706,1,2023-07-05 04:40:13+00:00,43.1232,-50.7192,51.91,10.9218,-61.9247,90.0
706,153,WS,707,2,2023-07-05 04:57:55+00:00,43.1532,-50.7434,51.8867,10.9218,-61.9555,90.0
707,153,WS,708,3,2023-07-05 05:15:37+00:00,43.1623,-50.7781,51.8798,10.8858,-61.9864,90.0318
708,154,WS,709,0,2023-07-05 05:35:52+00:00,44.2075,-51.1278,51.5761,11.5324,-62.6687,89.9672
709,154,WS,710,1,2023-07-05 05:53:34+00:00,44.2168,-51.1625,51.5688,11.4955,-62.6996,90.0
710,154,WS,711,2,2023-07-05 06:11:16+00:00,44.2474,-51.1867,51.545,11.4955,-62.7304,90.0
711,154,WS,712,3,2023-07-05 06:28:58+00:00,44.2569,-51.2214,51.5376,11.4585,-62.7612,90.0329
712,155,WS,713,0,2023-07-05 06:49:04+00:00,44.9327,-51.7585,50.9258,11.4404,-63.4435,89.9661
713,155,WS,714,1,2023-07-05 07:06:46+00:00,44.9429,-51.7931,50.9178,11.4025,-63.4743,90.0
714,155,WS,715,2,2023-07-05 07:24:28+00:00,44.9743,-51.817,50.8931,11.4025,-63.5052,90.0
715,155,WS,716,3,2023-07-05 07:42:10+00:00,44.9845,-51.8516,50.8851,11.3644,-63.536,90.034
716,156,WS,717,0,2023-07-05 08:02:18+00:00,45.5515,-52.4489,50.1412,11.1117,-64.2182,89.9649
717,156,WS,718,1,2023-07-05 08:20:00+00:00,45.5626,-52.4835,50.1325,11.0727,-64.2491,90.0
718,156,WS,719,2,2023-07-05 08:37:42+00:00,45.5951,-52.5071,50.1067,11.0727,-64.2799,90.0
719,156,WS,720,3,2023-07-05 08:55:24+00:00,45.6062,-52.5416,50.0978,11.0336,-64.3107,90.0352
720,157,WS,721,0,2023-07-05 09:15:42+00:00,45.9899,-53.2402,49.1371,10.3883,-64.9929,89.9637
721,157,WS,722,1,2023-07-05 09:33:24+00:00,46.0022,-53.2746,49.1272,10.3482,-65.0237,90.0
722,157,WS,723,2,2023-07-05 09:51:06+00:00,46.0359,-53.298,49.1002,10.3482,-65.0545,90.0
723,157,WS,724,3,2023-07-05 10:08:48+00:00,46.0483,-53.3324,49.0903,10.308,-65.0854,90.0365
724,158,WS,725,0,2023-07-05 10:28:58+00:00,46.6293,-53.9377,48.2396,9.9686,-65.7674,89.9623
725,158,WS,726,1,2023-07-05 10:46:40+00:00,46.6427,-53.972,48.2288,9.9273,-65.7982,90.0
726,158,WS,727,2,2023-07-05 11:04:22+00:00,46.6776,-53.995,48.2005,9.9273,-65.8291,90.0
727,158,WS,728,3,2023-07-05 11:22:04+00:00,46.6911,-54.0293,48.1896,9.8858,-65.8599,90.0378
728,159,WS,729,0,2023-07-05 11:42:13+00:00,47.6924,-54.4196,47.6929,10.3149,-66.5419,89.9609
729,159,WS,730,1,2023-07-05 11:59:55+00:00,47.7066,-54.4538,47.6814,10.2723,-66.5727,90.0
730,159,WS,731,2,2023-07-05 12:17:37+00:00,47.7423,-54.4766,47.6523,10.2723,-66.6035,90.0
731,159,WS,732,3,2023-07-05 12:35:19+00:00,47.7565,-54.5108,47.6408,10.2296,-66.6344,90.0392
732,160,WS,733,0,2023-07-05 12:55:47+00:00,49.1167,-54.7146,47.4966,11.3644,-67.3162,89.9594
733,160,WS,734,1,2023-07-05 13:13:29+00:00,49.1311,-54.7488,47.4848,11.3205,-67.3471,90.0
734,160,WS,735,2,2023-07-05 13:31:11+00:00,49.1672,-54.7715,47.4553,11.3205,-67.3779,90.0
735,160,WS,736,3,2023-07-05 13:48:53+00:00,49.1817,-54.8057,47.4434,11.2764,-67.4087,90.0407
736,161,WS,737,0,2023-07-05 14:09:18+00:00,49.5666,-55.5343,46.2182,10.3834,-68.0905,89.9579
737,161,WS,738,1,2023-07-05 14:27:00+00:00,49.5827,-55.5683,46.2049,10.338,-68.1213,90.0
738,161,WS,739,2,2023-07-05 14:44:42+00:00,49.6204,-55.5905,46.1737,10.338,-68.1522,90.0
739,161,WS,740,3,2023-07-05 15:02:24+00:00,49.6366,-55.6245,46.1604,10.2924,-68.183,90.0423
740,162,WS,741,0,2023-07-05 15:23:14+00:00,51.4083,-55.6115,46.474,12.2932,-68.8647,89.9562
741,162,WS,742,1,2023-07-05 15:40:56+00:00,51.4241,-55.6455,46.4609,12.2462,-68.8955,90.0
742,162,WS,743,2,2023-07-05 15:58:38+00:00,51.4618,-55.6678,46.4298,12.2462,-68.9263,90.0
743,162,WS,744,3,2023-07-05 16:16:20+00:00,51.4777,-55.7019,46.4167,12.199,-68.9572,90.044
744,163,WS,745,0,2023-07-05 16:36:46+00:00,51.9148,-56.4155,45.1097,11.2854,-69.6387,89.9543
745,163,WS,746,1,2023-07-05 16:54:28+00:00,51.9325,-56.4493,45.095,11.2367,-69.6696,90.0
746,163,WS,747,2,2023-07-05 17:12:10+00:00,51.9719,-56.4711,45.0622,11.2367,-69.7004,90.0
747,163,WS,748,3,2023-07-05 17:29:52+00:00,51.9896,-56.5049,45.0474,11.1878,-69.7312,90.0459
748,164,WS,749,0,2023-07-05 17:50:06+00:00,53.1572,-56.826,44.5978,11.8467,-70.4126,89.9524
749,164,WS,750,1,2023-07-05 18:07:48+00:00,53.1756,-56.8597,44.5824,11.7962,-70.4435,90.0
750,164,WS,751,2,2023-07-05 18:25:30+00:00,53.2158,-56.8813,44.5488,11.7962,-70.4743,90.0
751,164,WS,752,3,2023-07-05 18:43:12+00:00,53.2343,-56.915,44.5333,11.7454,-70.5051,90.0478
752,165,WS,753,0,2023-07-05 19:03:19+00:00,54.0721,-57.4254,43.5852,11.5904,-71.1864,89.9503
753,165,WS,754,1,2023-07-05 19:21:01+00:00,54.0919,-57.4589,43.5685,11.5378,-71.2173,90.0
754,165,WS,755,2,2023-07-05 19:38:43+00:00,54.1335,-57.4801,43.5335,11.5378,-71.2481,90.0
755,165,WS,756,3,2023-07-05 19:56:25+00:00,54.1534,-57.5137,43.5167,11.4851,-71.2789,90.05
756,166,WS,757,0,2023-07-05 20:16:55+00:00,55.587,-57.6933,43.4018,12.747,-71.9601,89.948
757,166,WS,758,1,2023-07-05 20:34:37+00:00,55.6071,-57.7268,43.3847,12.6923,-71.9909,90.0
758,166,WS,759,2,2023-07-05 20:52:19+00:00,55.6491,-57.748,43.3492,12.6923,-72.0218,90.0
759,166,WS,760,3,2023-07-05 21:10:01+00:00,55.6694,-57.7815,43.3321,12.6373,-72.0526,90.0523
760,167,WS,761,0,2023-07-05 21:30:33+00:00,56.1846,-58.4924,41.7159,11.5128,-72.7336,89.9455
761,167,WS,762,1,2023-07-05 21:48:15+00:00,56.207,-58.5256,41.6967,11.4558,-72.7644,90.0
762,167,WS,763,2,2023-07-05 22:05:57+00:00,56.2512,-58.5461,41.6591,11.4558,-72.7953,90.0
763,167,WS,764,3,2023-07-05 22:23:39+00:00,56.2737,-58.5793,41.6398,11.3984,-72.8261,90.0548
764,168,WS,765,0,2023-07-05 22:44:17+00:00,57.8184,-58.6999,41.6768,12.9321,-73.5069,89.9428
765,168,WS,766,1,2023-07-05 23:01:59+00:00,57.841,-58.7331,41.6575,12.8724,-73.5378,90.0
766,168,WS,767,2,2023-07-05 23:19:41+00:00,57.8855,-58.7536,41.6195,12.8724,-73.5686,90.0
767,168,WS,768,3,2023-07-05 23:37:23+00:00,57.9082,-58.7867,41.6001,12.8124,-73.5994,90.0576
768,169,WS,769,0,2023-07-05 23:58:09+00:00,58.3457,-59.5713,39.5428,11.1852,-74.2801,89.9398
769,169,WS,770,1,2023-07-06 00:15:51+00:00,58.3714,-59.604,39.5207,11.1227,-74.3109,90.0
770,169,WS,771,2,2023-07-06 00:33:33+00:00,58.4184,-59.6236,39.4801,11.1227,-74.3417,90.0
771,169,WS,772,3,2023-07-06 00:51:15+00:00,58.4442,-59.6563,39.4578,11.0598,-74.3726,90.0606
772,170,WS,773,0,2023-07-06 01:11:27+00:00,59.6983,-59.9594,38.8468,11.6787,-75.053,89.9365
773,170,WS,774,1,2023-07-06 01:29:09+00:00,59.7251,-59.9919,38.8237,11.613,-75.0838,90.0
774,170,WS,775,2,2023-07-06 01:46:51+00:00,59.7731,-60.0113,38.782,11.613,-75.1147,90.0
775,170,WS,776,3,2023-07-06 02:04:33+00:00,59.8,-60.0438,38.7588,11.5469,-75.1455,90.0639
776,171,WS,777,0,2023-07-06 02:24:39+00:00,60.858,-60.4768,37.6486,11.4843,-75.8257,89.9329
777,171,WS,778,1,2023-07-06 02:42:21+00:00,60.8866,-60.5091,37.6237,11.4151,-75.8566,90.0
778,171,WS,779,2,2023-07-06 03:00:03+00:00,60.9362,-60.5279,37.5805,11.4151,-75.8874,90.0
779,171,WS,780,3,2023-07-06 03:17:45+00:00,60.9649,-60.5601,37.5555,11.3455,-75.9182,90.0675
780,172,WS,781,0,2023-07-06 03:38:00+00:00,61.9433,-61.0573,36.1052,10.8744,-76.5982,89.9289
781,172,WS,782,1,2023-07-06 03:55:42+00:00,61.9741,-61.0892,36.0781,10.8013,-76.629,90.0
782,172,WS,783,2,2023-07-06 04:13:24+00:00,62.0257,-61.1073,36.033,10.8013,-76.6599,90.0
783,172,WS,784,3,2023-07-06 04:31:06+00:00,62.0567,-61.1392,36.0058,10.7277,-76.6907,90.0716
784,173,WS,785,0,2023-07-06 04:51:40+00:00,63.5894,-61.2791,35.9056,12.1543,-77.3704,89.9244
785,173,WS,786,1,2023-07-06 05:09:22+00:00,63.6207,-61.3109,35.8781,12.0768,-77.4012,90.0
786,173,WS,787,2,2023-07-06 05:27:04+00:00,63.6728,-61.329,35.8324,12.0768,-77.4321,90.0
787,173,WS,788,3,2023-07-06 05:44:46+00:00,63.7042,-61.3607,35.8048,11.9988,-77.4629,90.0762
788,174,WS,789,0,2023-07-06 06:06:00+00:00,64.4212,-60.7462,38.1603,15.2106,-77.3704,89.9244
789,174,WS,790,1,2023-07-06 06:23:42+00:00,64.4494,-60.7786,38.1357,15.1331,-77.4012,90.0
790,174,WS,791,2,2023-07-06 06:41:24+00:00,64.4991,-60.7976,38.0923,15.1331,-77.4321,90.0
791,174,WS,792,3,2023-07-06 06:59:06+00:00,64.5275,-60.83,38.0675,15.055,-77.4629,90.0762
792,175,WS,793,0,2023-07-06 07:19:44+00:00,62.7985,-60.5083,38.2537,13.8505,-76.5982,89.9289
793,175,WS,794,1,2023-07-06 07:37:26+00:00,62.8264,-60.5407,38.2294,13.7774,-76.629,90.0
794,175,WS,795,2,2023-07-06 07:55:08+00:00,62.8757,-60.5598,38.1865,13.7774,-76.6599,90.0
795,175,WS,796,3,2023-07-06 08:12:50+00:00,62.9037,-60.5921,38.1621,13.7038,-76.6907,90.0716
796,176,WS,797,0,2023-07-06 08:33:08+00:00,61.7273,-59.9378,39.6292,14.3052,-75.8257,89.9329
797,176,WS,798,1,2023-07-06 08:50:50+00:00,61.7531,-59.9705,39.6068,14.236,-75.8566,90.0
798,176,WS,799,2,2023-07-06 09:08:32+00:00,61.8006,-59.9902,39.5657,14.236,-75.8874,90.0
799,176,WS,800,3,2023-07-06 09:26:14+00:00,61.8266,-60.0229,39.5432,14.1664,-75.9182,90.0675
800,177,WS,801,0,2023-07-06 09:46:27+00:00,60.5584,-59.4387,40.6434,14.3067,-75.053,89.9365
801,177,WS,802,1,2023-07-06 10:04:09+00:00,60.5827,-59.4717,40.6224,14.241,-75.0838,90.0
802,177,WS,803,2,2023-07-06 10:21:51+00:00,60.6288,-59.4917,40.5827,14.241,-75.1147,90.0
803,177,WS,804,3,2023-07-06 10:39:33+00:00,60.6532,-59.5247,40.5617,14.1749,-75.1455,90.0639
804,178,WS,805,0,2023-07-06 10:59:53+00:00,59.2133,-59.0519,41.2219,13.7046,-74.2801,89.9398
805,178,WS,806,1,2023-07-06 11:17:35+00:00,59.2367,-59.0849,41.2019,13.6421,-74.3109,90.0
806,178,WS,807,2,2023-07-06 11:35:17+00:00,59.2818,-59.1052,41.1631,13.6421,-74.3417,90.0
807,178,WS,808,3,2023-07-06 11:52:59+00:00,59.3054,-59.1383,41.1429,13.5792,-74.3726,90.0606
808,179,WS,809,0,2023-07-06 12:13:44+00:00,58.6919,-58.2012,43.2174,15.3151,-73.5069,89.9428
809,179,WS,810,1,2023-07-06 12:31:26+00:00,58.7126,-58.2347,43.1998,15.2554,-73.5378,90.0
810,179,WS,811,2,2023-07-06 12:49:08+00:00,58.7553,-58.2558,43.1635,15.2554,-73.5686,90.0
811,179,WS,812,3,2023-07-06 13:06:50+00:00,58.776,-58.2892,43.1459,15.1954,-73.5994,90.0576
812,180,WS,813,0,2023-07-06 13:27:32+00:00,57.0616,-57.9886,43.1688,13.8151,-72.7336,89.9455
813,180,WS,814,1,2023-07-06 13:45:14+00:00,57.0821,-58.0221,43.1513,13.758,-72.7644,90.0
814,180,WS,815,2,2023-07-06 14:02:56+00:00,57.1246,-58.0431,43.1153,13.758,-72.7953,90.0
815,180,WS,816,3,2023-07-06 14:20:38+00:00,57.1453,-58.0766,43.0977,13.7006,-72.8261,90.0548
816,181,WS,817,0,2023-07-06 14:41:12+00:00,56.4783,-57.199,44.7653,14.9711,-71.9601,89.948
817,181,WS,818,1,2023-07-06 14:58:54+00:00,56.4967,-57.2328,44.7498,14.9164,-71.9909,90.0
818,181,WS,819,2,2023-07-06 15:16:36+00:00,56.5372,-57.2545,44.7158,14.9164,-72.0218,90.0
819,181,WS,820,3,2023-07-06 15:34:18+00:00,56.5557,-57.2882,44.7002,14.8614,-72.0526,90.0523
820,182,WS,821,0,2023-07-06 15:54:54+00:00,54.9407,-56.9423,44.8351,13.682,-71.1864,89.9503
821,182,WS,822,1,2023-07-06 16:12:36+00:00,54.9589,-56.976,44.8199,13.6295,-71.2173,90.0
822,182,WS,823,2,2023-07-06 16:30:18+00:00,54.9991,-56.9978,44.7862,13.6295,-71.2481,90.0
823,182,WS,824,3,2023-07-06 16:48:00+00:00,55.0173,-57.0315,44.7709,13.5767,-71.2789,90.05
824,183,WS,825,0,2023-07-06 17:08:14+00:00,54.0488,-56.3391,45.7969,13.9093,-70.4126,89.9524
825,183,WS,826,1,2023-07-06 17:25:56+00:00,54.0656,-56.3731,45.7828,13.8587,-70.4435,90.0
826,183,WS,827,2,2023-07-06 17:43:38+00:00,54.1045,-56.3951,45.7505,13.8587,-70.4743,90.0
827,183,WS,828,3,2023-07-06 18:01:20+00:00,54.1214,-56.4291,45.7363,13.8079,-70.5051,90.0478
828,184,WS,829,0,2023-07-06 18:21:42+00:00,52.7792,-55.946,46.2028,13.2173,-69.6387,89.9543
829,184,WS,830,1,2023-07-06 18:39:24+00:00,52.7955,-55.98,46.1893,13.1686,-69.6696,90.0
830,184,WS,831,2,2023-07-06 18:57:06+00:00,52.8336,-56.0022,46.1577,13.1686,-69.7004,90.0
831,184,WS,832,3,2023-07-06 19:14:48+00:00,52.85,-56.0362,46.1441,13.1197,-69.7312,90.0459
832,185,WS,833,0,2023-07-06 19:35:35+00:00,50.4335,-55.0699,47.1902,12.1994,-68.0905,89.9579
833,185,WS,834,1,2023-07-06 19:53:17+00:00,50.4484,-55.1041,47.178,12.154,-68.1213,90.0
834,185,WS,835,2,2023-07-06 20:10:59+00:00,50.4851,-55.1267,47.1479,12.154,-68.1522,90.0
835,185,WS,836,3,2023-07-06 20:28:41+00:00,50.5001,-55.1608,47.1357,12.1084,-68.183,90.0423
836,186,WS,837,0,2023-07-06 20:49:09+00:00,49.9874,-54.2591,48.4163,13.1295,-67.3162,89.9594
837,186,WS,838,1,2023-07-06 21:06:51+00:00,50.0007,-54.2934,48.4055,13.0855,-67.3471,90.0
838,186,WS,839,2,2023-07-06 21:24:33+00:00,50.0358,-54.3165,48.377,13.0855,-67.3779,90.0
839,186,WS,840,3,2023-07-06 21:42:15+00:00,50.0492,-54.3508,48.3661,13.0414,-67.4087,90.0407
840,187,WS,841,0,2023-07-06 22:02:46+00:00,48.5715,-53.9593,48.5708,12.049,-66.5419,89.9609
841,187,WS,842,1,2023-07-06 22:20:28+00:00,48.5846,-53.9936,48.5602,12.0064,-66.5727,90.0
842,187,WS,843,2,2023-07-06 22:38:10+00:00,48.6193,-54.0167,48.5321,12.0064,-66.6035,90.0
843,187,WS,844,3,2023-07-06 22:55:52+00:00,48.6325,-54.051,48.5215,11.9637,-66.6344,90.0392
844,188,WS,845,0,2023-07-06 23:16:08+00:00,47.5006,-53.4845,49.0627,11.6414,-65.7674,89.9623
845,188,WS,846,1,2023-07-06 23:33:50+00:00,47.5131,-53.5188,49.0527,11.6001,-65.7982,90.0
846,188,WS,847,2,2023-07-06 23:51:32+00:00,47.5471,-53.5421,49.0254,11.6001,-65.8291,90.0
847,188,WS,848,3,2023-07-07 00:09:14+00:00,47.5596,-53.5765,49.0153,11.5587,-65.8599,90.0378
848,189,WS,849,0,2023-07-07 00:29:30+00:00,46.8581,-52.7951,49.9147,12.0116,-64.9929,89.9637
849,189,WS,850,1,2023-07-07 00:47:12+00:00,46.8695,-52.8296,49.9056,11.9715,-65.0237,90.0
850,189,WS,851,2,2023-07-07 01:04:54+00:00,46.9024,-52.8532,49.8794,11.9715,-65.0545,90.0
851,189,WS,852,3,2023-07-07 01:22:36+00:00,46.9138,-52.8877,49.8703,11.9313,-65.0854,90.0365
852,190,WS,853,0,2023-07-07 01:42:59+00:00,46.43,-52.0061,50.8896,12.7139,-64.2182,89.9649
853,190,WS,854,1,2023-07-07 02:00:41+00:00,46.4403,-52.0407,50.8815,12.6749,-64.2491,90.0
854,190,WS,855,2,2023-07-07 02:18:23+00:00,46.4719,-52.0647,50.8565,12.6749,-64.2799,90.0
855,190,WS,856,3,2023-07-07 02:36:05+00:00,46.4822,-52.0993,50.8484,12.6358,-64.3107,90.0352
856,191,WS,857,0,2023-07-07 02:56:20+00:00,45.8042,-51.3244,51.6326,12.9935,-63.4435,89.9661
857,191,WS,858,1,2023-07-07 03:14:02+00:00,45.8135,-51.3591,51.6253,12.9556,-63.4743,90.0
858,191,WS,859,2,2023-07-07 03:31:44+00:00,45.8442,-51.3833,51.6014,12.9556,-63.5052,90.0
859,191,WS,860,3,2023-07-07 03:49:26+00:00,45.8536,-51.418,51.594,12.9176,-63.536,90.034
860,192,WS,861,0,2023-07-07 04:09:39+00:00,45.0659,-50.7041,52.2398,13.0296,-62.6687,89.9672
861,192,WS,862,1,2023-07-07 04:27:21+00:00,45.0746,-50.7388,52.2331,12.9927,-62.6996,90.0
862,192,WS,863,2,2023-07-07 04:45:03+00:00,45.1044,-50.7632,52.21,12.9927,-62.7304,90.0
863,192,WS,864,3,2023-07-07 05:02:45+00:00,45.1132,-50.7979,52.2032,12.9557,-62.7612,90.0329
864,193,WS,865,0,2023-07-07 05:23:05+00:00,43.9804,-50.2578,52.5541,12.4375,-61.8939,89.9683
865,193,WS,866,1,2023-07-07 05:40:47+00:00,43.9887,-50.2926,52.5477,12.4016,-61.9247,90.0
866,193,WS,867,2,2023-07-07 05:58:29+00:00,44.0181,-50.3171,52.5251,12.4016,-61.9555,90.0
867,193,WS,868,3,2023-07-07 06:16:11+00:00,44.0264,-50.3519,52.5187,12.3655,-61.9864,90.0318
868,194,WS,869,0,2023-07-07 06:36:36+00:00,43.7326,-49.4083,53.4503,13.2407,-61.1189,89.9693
869,194,WS,870,1,2023-07-07 06:54:18+00:00,43.7399,-49.4431,53.4448,13.2056,-61.1498,90.0
870,194,WS,871,2,2023-07-07 07:12:00+00:00,43.7682,-49.4679,53.4233,13.2056,-61.1806,90.0
871,194,WS,872,3,2023-07-07 07:29:42+00:00,43.7755,-49.5028,53.4177,13.1704,-61.2114,90.0308
872,195,WS,873,0,2023-07-07 07:50:06+00:00,42.5595,-49.0106,53.6603,12.4621,-60.344,89.9702
873,195,WS,874,1,2023-07-07 08:07:48+00:00,42.5666,-49.0454,53.655,12.4279,-60.3748,90.0
874,195,WS,875,2,2023-07-07 08:25:30+00:00,42.5945,-49.0703,53.6339,12.4279,-60.4056,90.0
875,195,WS,876,3,2023-07-07 08:43:12+00:00,42.6015,-49.1052,53.6285,12.3935,-60.4365,90.0299
876,196,WS,877,0,2023-07-07 09:03:45+00:00,42.5631,-48.053,54.631,13.5855,-59.5689,89.9711
877,196,WS,878,1,2023-07-07 09:21:27+00:00,42.5692,-48.0879,54.6265,13.552,-59.5998,90.0
878,196,WS,879,2,2023-07-07 09:39:09+00:00,42.5959,-48.1131,54.6066,13.552,-59.6306,90.0
879,196,WS,880,3,2023-07-07 09:56:51+00:00,42.602,-48.148,54.6021,13.5185,-59.6614,90.0289
880,197,WS,881,0,2023-07-07 10:17:04+00:00,41.9202,-47.4095,55.1345,13.6167,-58.7938,89.972
881,197,WS,882,1,2023-07-07 10:34:46+00:00,41.9257,-47.4445,55.1304,13.584,-58.8247,90.0
882,197,WS,883,2,2023-07-07 10:52:28+00:00,41.9518,-47.4698,55.1112,13.584,-58.8555,90.0
883,197,WS,884,3,2023-07-07 11:10:10+00:00,41.9573,-47.5048,55.1071,13.5512,-58.8863,90.0281
884,198,WS,885,0,2023-07-07 11:30:25+00:00,41.0674,-46.8682,55.4852,13.2937,-58.0187,89.9728
885,198,WS,886,1,2023-07-07 11:48:07+00:00,41.0726,-46.9032,55.4815,13.2617,-58.0495,90.0
886,198,WS,887,2,2023-07-07 12:05:49+00:00,41.0982,-46.9286,55.4628,13.2617,-58.0803,90.0
887,198,WS,888,3,2023-07-07 12:23:31+00:00,41.1033,-46.9636,55.459,13.2296,-58.1112,90.0272
888,199,WS,889,0,2023-07-07 12:43:48+00:00,40.6943,-46.1056,56.0973,13.6971,-57.2434,89.9736
889,199,WS,890,1,2023-07-07 13:01:30+00:00,40.6989,-46.1406,56.0941,13.6658,-57.2743,90.0
890,199,WS,891,2,2023-07-07 13:19:12+00:00,40.7237,-46.1662,56.0761,13.6658,-57.3051,90.0
891,199,WS,892,3,2023-07-07 13:36:54+00:00,40.7282,-46.2012,56.0729,13.6344,-57.3359,90.0264
892,200,WS,893,0,2023-07-07 13:57:09+00:00,39.8959,-45.5448,56.4385,13.4197,-56.4682,89.9744
893,200,WS,894,1,2023-07-07 14:14:51+00:00,39.9001,-45.5798,56.4355,13.3891,-56.499,90.0
894,200,WS,895,2,2023-07-07 14:32:33+00:00,39.9245,-45.6055,56.4181,13.3891,-56.5299,90.0
895,200,WS,896,3,2023-07-07 14:50:15+00:00,39.9287,-45.6406,56.4151,13.3583,-56.5607,90.0256
896,201,WS,897,0,2023-07-07 15:10:36+00:00,39.7055,-44.7061,57.0902,14.0415,-55.6929,89.9752
897,201,WS,898,1,2023-07-07 15:28:18+00:00,39.7091,-44.7412,57.0877,14.0115,-55.7237,90.0
898,201,WS,899,2,2023-07-07 15:46:00+00:00,39.7327,-44.767,57.071,14.0115,-55.7545,90.0
899,201,WS,900,3,2023-07-07 16:03:42+00:00,39.7363,-44.8021,57.0685,13.9813,-55.7854,90.0249
900,202,WS,901,0,2023-07-07 16:23:56+00:00,38.9967,-44.1098,57.4369,13.8591,-54.9175,89.9759
901,202,WS,902,1,2023-07-07 16:41:38+00:00,38.9999,-44.1449,57.4347,13.8296,-54.9484,90.0
902,202,WS,903,2,2023-07-07 16:59:20+00:00,39.023,-44.1709,57.4185,13.8296,-54.9792,90.0
903,202,WS,904,3,2023-07-07 17:17:02+00:00,39.0263,-44.206,57.4163,13.8,-55.01,90.0242
904,203,WS,905,0,2023-07-07 17:37:29+00:00,39.8183,-43.7353,57.8641,15.0776,-54.9175,89.9759
905,203,WS,906,1,2023-07-07 17:55:11+00:00,39.8212,-43.7704,57.8621,15.0481,-54.9484,90.0
906,203,WS,907,2,2023-07-07 18:12:53+00:00,39.8439,-43.7965,57.8464,15.0481,-54.9792,90.0
907,203,WS,908,3,2023-07-07 18:30:35+00:00,39.8467,-43.8316,57.8444,15.0186,-55.01,90.0242
908,204,WS,909,0,2023-07-07 18:50:42+00:00,40.5167,-44.3353,57.5283,15.2604,-55.6929,89.9752
909,204,WS,910,1,2023-07-07 19:08:24+00:00,40.5198,-44.3704,57.5261,15.2304,-55.7237,90.0
910,204,WS,911,2,2023-07-07 19:26:06+00:00,40.543,-44.3964,57.5099,15.2304,-55.7545,90.0
911,204,WS,912,3,2023-07-07 19:43:48+00:00,40.5462,-44.4315,57.5076,15.2002,-55.7854,90.0249
912,205,WS,913,0,2023-07-07 20:04:02+00:00,40.7224,-45.1632,56.8991,14.6777,-56.4682,89.9744
913,205,WS,914,1,2023-07-07 20:21:44+00:00,40.7261,-45.1983,56.8965,14.647,-56.499,90.0
914,205,WS,915,2,2023-07-07 20:39:26+00:00,40.75,-45.2241,56.8795,14.647,-56.5299,90.0
915,205,WS,916,3,2023-07-07 20:57:08+00:00,40.7538,-45.2592,56.8768,14.6162,-56.5607,90.0256
916,206,WS,917,0,2023-07-07 21:17:16+00:00,41.5242,-45.7215,56.5791,14.9787,-57.2434,89.9736
917,206,WS,918,1,2023-07-07 21:34:58+00:00,41.5283,-45.7565,56.5762,14.9474,-57.2743,90.0
918,206,WS,919,2,2023-07-07 21:52:40+00:00,41.5526,-45.7823,56.5587,14.9474,-57.3051,90.0
919,206,WS,920,3,2023-07-07 22:10:22+00:00,41.5567,-45.8173,56.5558,14.916,-57.3359,90.0264
920,207,WS,921,0,2023-07-07 22:30:31+00:00,41.909,-46.4752,55.9917,14.6126,-58.0187,89.9728
921,207,WS,922,1,2023-07-07 22:48:13+00:00,41.9137,-46.5103,55.9883,14.5806,-58.0495,90.0
922,207,WS,923,2,2023-07-07 23:05:55+00:00,41.9388,-46.5358,55.9702,14.5806,-58.0803,90.0
923,207,WS,924,3,2023-07-07 23:23:37+00:00,41.9434,-46.5708,55.9668,14.5485,-58.1112,90.0272
924,208,WS,925,0,2023-07-07 23:43:46+00:00,42.7618,-47.0155,55.663,14.9568,-58.7938,89.972
925,208,WS,926,1,2023-07-08 00:01:28+00:00,42.7668,-47.0506,55.6594,14.9241,-58.8247,90.0
926,208,WS,927,2,2023-07-08 00:19:10+00:00,42.7923,-47.076,55.6407,14.9241,-58.8555,90.0
927,208,WS,928,3,2023-07-08 00:36:52+00:00,42.7973,-47.111,55.637,14.8913,-58.8863,90.0281
928,209,WS,929,0,2023-07-08 00:56:57+00:00,43.4106,-47.6539,55.1853,14.9571,-59.5689,89.9711
929,209,WS,930,1,2023-07-08 01:14:39+00:00,43.416,-47.6889,55.1813,14.9236,-59.5998,90.0
930,209,WS,931,2,2023-07-08 01:32:21+00:00,43.4422,-47.7142,55.1619,14.9236,-59.6306,90.0
931,209,WS,932,3,2023-07-08 01:50:03+00:00,43.4477,-47.7492,55.1578,14.8901,-59.6614,90.0289
932,210,WS,933,0,2023-07-08 02:10:31+00:00,43.4084,-48.6041,54.2355,13.8591,-60.344,89.9702
933,210,WS,934,1,2023-07-08 02:28:13+00:00,43.4148,-48.639,54.2307,13.8249,-60.3748,90.0
934,210,WS,935,2,2023-07-08 02:45:55+00:00,43.4421,-48.664,54.2102,13.8249,-60.4056,90.0
935,210,WS,936,3,2023-07-08 03:03:37+00:00,43.4486,-48.6989,54.2053,13.7905,-60.4365,90.0299
936,211,WS,937,0,2023-07-08 03:23:58+00:00,44.5808,-49.0024,54.0535,14.6629,-61.1189,89.9693
937,211,WS,938,1,2023-07-08 03:41:40+00:00,44.5875,-49.0373,54.0485,14.6278,-61.1498,90.0
938,211,WS,939,2,2023-07-08 03:59:22+00:00,44.6151,-49.0623,54.0276,14.6278,-61.1806,90.0
939,211,WS,940,3,2023-07-08 04:17:04+00:00,44.6218,-49.0972,54.0225,14.5926,-61.2114,90.0308
940,212,WS,941,0,2023-07-08 04:37:22+00:00,44.8463,-49.8374,53.1955,13.9173,-61.8939,89.9683
941,212,WS,942,1,2023-07-08 04:55:04+00:00,44.854,-49.8722,53.1897,13.8813,-61.9247,90.0
942,212,WS,943,2,2023-07-08 05:12:46+00:00,44.8826,-49.8969,53.1678,13.8813,-61.9555,90.0
943,212,WS,944,3,2023-07-08 05:30:28+00:00,44.8903,-49.9317,53.1619,13.8452,-61.9864,90.0318
944,213,WS,945,0,2023-07-08 05:50:43+00:00,45.9244,-50.2866,52.9074,14.5268,-62.6687,89.9672
945,213,WS,946,1,2023-07-08 06:08:25+00:00,45.9324,-50.3214,52.9013,14.4899,-62.6996,90.0
946,213,WS,947,2,2023-07-08 06:26:07+00:00,45.9615,-50.346,52.8789,14.4899,-62.7304,90.0
947,213,WS,948,3,2023-07-08 06:43:49+00:00,45.9695,-50.3808,52.8727,14.4529,-62.7612,90.0329
948,214,WS,949,0,2023-07-08 07:03:54+00:00,46.676,-50.8972,52.3433,14.5466,-63.4435,89.9661
949,214,WS,950,1,2023-07-08 07:21:36+00:00,46.6846,-50.9319,52.3367,14.5087,-63.4743,90.0
950,214,WS,951,2,2023-07-08 07:39:18+00:00,46.7145,-50.9563,52.3135,14.5087,-63.5052,90.0
951,214,WS,952,3,2023-07-08 07:57:00+00:00,46.7231,-50.9911,52.3067,14.4707,-63.536,90.034
952,215,WS,953,0,2023-07-08 08:17:07+00:00,47.3092,-51.5704,51.6415,14.3161,-64.2182,89.9649
953,215,WS,954,1,2023-07-08 08:34:49+00:00,47.3186,-51.6051,51.6341,14.2771,-64.2491,90.0
954,215,WS,955,2,2023-07-08 08:52:31+00:00,47.3495,-51.6293,51.6099,14.2771,-64.2799,90.0
955,215,WS,956,3,2023-07-08 09:10:13+00:00,47.3589,-51.664,51.6025,14.238,-64.3107,90.0352
956,216,WS,957,0,2023-07-08 09:30:30+00:00,47.7274,-52.3572,50.6955,13.635,-64.9929,89.9637
957,216,WS,958,1,2023-07-08 09:48:12+00:00,47.7379,-52.3918,50.6872,13.5949,-65.0237,90.0
958,216,WS,959,2,2023-07-08 10:05:54+00:00,47.77,-52.4156,50.6618,13.5949,-65.0545,90.0
959,216,WS,960,3,2023-07-08 10:23:36+00:00,47.7805,-52.4502,50.6534,13.5546,-65.0854,90.0365
960,217,WS,961,0,2023-07-08 10:43:44+00:00,48.3736,-53.0387,49.8886,13.3142,-65.7674,89.9623
961,217,WS,962,1,2023-07-08 11:01:26+00:00,48.3851,-53.0732,49.8794,13.2729,-65.7982,90.0
962,217,WS,963,2,2023-07-08 11:19:08+00:00,48.4182,-53.0967,49.8529,13.2729,-65.8291,90.0
963,217,WS,964,3,2023-07-08 11:36:50+00:00,48.4297,-53.1312,49.8437,13.2315,-65.8599,90.0378
964,218,WS,965,0,2023-07-08 11:57:02+00:00,49.4529,-53.5068,49.451,13.783,-66.5419,89.9609
965,218,WS,966,1,2023-07-08 12:14:44+00:00,49.4649,-53.5413,49.4413,13.7405,-66.5727,90.0
966,218,WS,967,2,2023-07-08 12:32:26+00:00,49.4987,-53.5647,49.4141,13.7405,-66.6035,90.0
967,218,WS,968,3,2023-07-08 12:50:08+00:00,49.5108,-53.5991,49.4044,13.6978,-66.6344,90.0392
968,219,WS,969,0,2023-07-08 13:10:37+00:00,50.861,-53.8118,49.3378,14.8945,-67.3162,89.9594
969,219,WS,970,1,2023-07-08 13:28:19+00:00,50.8733,-53.8463,49.3279,14.8506,-67.3471,90.0
970,219,WS,971,2,2023-07-08 13:46:01+00:00,50.9074,-53.8697,49.3004,14.8506,-67.3779,90.0
971,219,WS,972,3,2023-07-08 14:03:43+00:00,50.9197,-53.9041,49.2904,14.8065,-67.4087,90.0407
972,220,WS,973,0,2023-07-08 14:24:05+00:00,51.3042,-54.6141,48.1633,14.0154,-68.0905,89.9579
973,220,WS,974,1,2023-07-08 14:41:47+00:00,51.3179,-54.6483,48.1521,13.97,-68.1213,90.0
974,220,WS,975,2,2023-07-08 14:59:29+00:00,51.3534,-54.6713,48.1231,13.97,-68.1522,90.0
975,220,WS,976,3,2023-07-08 15:17:11+00:00,51.3672,-54.7056,48.1118,13.9244,-68.183,90.0423
976,221,WS,977,0,2023-07-08 15:37:17+00:00,52.2913,-55.1443,47.5207,14.1945,-68.8647,89.9562
977,221,WS,978,1,2023-07-08 15:54:59+00:00,52.3059,-55.1785,47.5088,14.1475,-68.8955,90.0
978,221,WS,979,2,2023-07-08 16:12:41+00:00,52.3424,-55.2012,47.4788,14.1475,-68.9263,90.0
979,221,WS,980,3,2023-07-08 16:30:23+00:00,52.357,-55.2354,47.4668,14.1003,-68.9572,90.044
980,222,WS,981,0,2023-07-08 16:50:48+00:00,53.6485,-55.4861,47.2948,15.1483,-69.6387,89.9543
981,222,WS,982,1,2023-07-08 17:08:30+00:00,53.6635,-55.5202,47.2825,15.0996,-69.6696,90.0
982,222,WS,983,2,2023-07-08 17:26:12+00:00,53.7004,-55.5429,47.252,15.0996,-69.7004,90.0
983,222,WS,984,3,2023-07-08 17:43:54+00:00,53.7154,-55.577,47.2397,15.0507,-69.7312,90.0459
984,223,WS,985,0,2023-07-08 18:04:15+00:00,54.9472,-55.8627,46.9944,15.9718,-70.4126,89.9524
985,223,WS,986,1,2023-07-08 18:21:57+00:00,54.9626,-55.8968,46.9816,15.9212,-70.4435,90.0
986,223,WS,987,2,2023-07-08 18:39:39+00:00,55.0001,-55.9193,46.9505,15.9212,-70.4743,90.0
987,223,WS,988,3,2023-07-08 18:57:21+00:00,55.0156,-55.9534,46.9377,15.8705,-70.5051,90.0478
988,224,WS,989,0,2023-07-08 19:18:00+00:00,53.1788,-54.6864,48.5678,16.0957,-68.8647,89.9562
989,224,WS,990,1,2023-07-08 19:35:42+00:00,53.1922,-54.7207,48.557,16.0487,-68.8955,90.0
990,224,WS,991,2,2023-07-08 19:53:24+00:00,53.2275,-54.7438,48.5281,16.0487,-68.9263,90.0
991,224,WS,992,3,2023-07-08 20:11:06+00:00,53.2409,-54.7781,48.5171,16.0015,-68.9572,90.044
992,225,WS,993,0,2023-07-08 20:31:21+00:00,52.1783,-54.1668,49.1374,15.8314,-68.0905,89.9579
993,225,WS,994,1,2023-07-08 20:49:03+00:00,52.1909,-54.2012,49.1272,15.786,-68.1213,90.0
994,225,WS,995,2,2023-07-08 21:06:45+00:00,52.2254,-54.2245,49.0992,15.786,-68.1522,90.0
995,225,WS,996,3,2023-07-08 21:24:27+00:00,52.2381,-54.2589,49.089,15.7404,-68.183,90.0423
996,226,WS,997,0,2023-07-08 21:44:53+00:00,51.7374,-53.3729,50.2609,16.6596,-67.3162,89.9594
997,226,WS,998,1,2023-07-08 22:02:35+00:00,51.7487,-53.4074,50.2519,16.6156,-67.3471,90.0
998,226,WS,999,2,2023-07-08 22:20:17+00:00,51.7817,-53.4311,50.2254,16.6156,-67.3779,90.0
999,226,WS,1000,3,2023-07-08 22:37:59+00:00,51.793,-53.4656,50.2163,16.5715,-67.4087,90.0407
