,Hydro,PumpedStorage,Nuclear,Coal,FuelGas,DieselEngines,GasTurbine,SteamTurbine,CombinedCycle,Hydroeolian,Wind,SolarPhotovoltaic,ThermalSolar,OtherRenewables,Cogeneration,NonRenewableWaste,RenewableWaste,TotalGeneration,year,month
2014-01,4261392.824000001,443678.644,4526062.779,2293159.522000001,-148.739,275357.985,54877.485,216697.507,1809988.573,,6570961.682,377518.728,79800.655,380895.5869999997,2550462.4209999978,143220.5219999999,49339.64799999996,24033265.823,2014,1
2014-02,5763251.167000002,369221.991,4721937.495,884091.4269999999,-134.753,253341.74199999988,57405.486,176742.116,1522593.868,,5917525.957000004,434383.4,103264.502,293997.433,1876056.0590000032,122564.6445,35868.03949999997,22532110.57400001,2014,2
2014-03,5293018.012000005,354775.253,5286792.276,1294242.753,-140.9,255615.00200000024,62648.045,150180.23,1595228.047,,5096447.600000001,735970.624,385175.316,305878.24899999995,1831179.4969999995,112142.40800000002,32435.466,22791587.878000006,2014,3
2014-04,4986856.873000002,361188.617,5056306.647,1385564.2160000007,-107.327,239877.29,65461.729,152334.8,1504174.671,,3978164.7529999954,791985.906,435527.059,266467.5090000002,1618663.434999999,137938.53799999994,51170.32,21031575.035999995,2014,4
2014-05,2826765.2330000023,275956.466,4336633.309,3367749.592999998,-109.851,257606.2699999999,71625.317,145996.242,1711553.922,,4177875.5180000006,924515.196,729935.555,330192.0059999999,1931174.990999999,162033.55599999995,60551.00399999999,21310054.327000003,2014,5
2014-06,2485721.724999999,207702.648,3416665.53,5213203.683,-42.239,269476.807,87021.399,168776.14,2019807.494,2.02,3310964.305,903765.521,687288.082,330073.19600000035,2075296.108000001,165420.4209999999,58360.80699999999,21399503.647,2014,6
2014-07,2354817.0699999994,170772.351,4253413.44,5611649.546000001,-40.735,285741.3359999999,102131.947,183304.363,2125220.333,8.639,3637132.6400000015,951577.792,811153.184,338214.08200000064,2119348.257000001,171443.9505000001,67005.23250000001,23182893.428000007,2014,7
2014-08,2044885.494999999,151656.944,4205395.065,5290263.660999999,-37.553,309799.26300000004,99070.232,180445.913,2491271.924,274.245,2916901.0089999977,914035.232,833178.48,349912.52600000036,1985660.948,181397.15049999993,55681.83150000004,22009792.366,2014,8
2014-09,1797144.6460000004,160190.696,4801362.391,5911342.018000002,-37.085,290243.2270000002,116707.437,162070.836,2974351.96,101.643,2145217.4680000027,686972.707,389595.903,333100.12700000027,2113661.7500000014,190699.54199999993,68960.82199999997,22141686.088000003,2014,9
2014-10,1632018.123999999,267502.314,5126607.422,4545617.656000002,-20.549,267418.51799999987,88852.186,169781.14,2509485.229,160.44,3398887.781000002,647940.198,289337.03,300498.95900000003,2127458.8549999977,190540.07750000007,64805.28349999996,21626890.664,2014,10
2014-11,2452065.4739999995,326908.325,4363827.098,3230149.6280000038,,250129.4780000001,64843.408,168773.923,2288022.404,154.755,5093131.520000002,385421.021,90187.434,288090.2849999999,1934806.7339999997,178302.3625000001,60301.94649999995,21175115.79600001,2014,11
2014-12,3284048.5850000004,326441.799,4686277.883,4219022.794000003,,272776.17,76346.565,195668.218,2277135.572,187.535,4788820.615000002,453839.806,124471.726,298995.75800000015,1989474.827000002,210173.871,73591.17199999999,23277272.896000013,2014,12
2015-01,2554830.4549999973,319021.036,5240045.056,5067415.959999996,0.322,275047.6019999999,64986.361,202134.491,2490379.756,384.989,4954530.712000002,518440.257,176951.396,301803.8360000002,2164162.633,197694.9664999997,64152.76149999998,24591982.589999996,2015,1
2015-02,3559006.203,291339.649,4716807.315,3092861.456000001,,253154.9959999997,61640.558,176199.239,1947035.374,344.341,5992546.665000002,494227.516,190925.26,245329.70899999997,1925052.2809999983,177613.70800000007,59516.46299999994,23183600.733,2015,2
2015-03,3845583.5749999974,327144.743,5203717.493,2738925.5379999983,9.275,267586.08700000023,62503.717,182029.195,1899200.696,204.855,4907496.058000005,713261.827,415828.662,274297.6850000003,2080709.938,207612.8594999999,72007.51349999994,23198119.717,2015,3
2015-04,2662811.795999999,255862.712,4681620.985,3005329.368999997,,257880.88500000024,55779.798,159569.774,2023209.475,96.545,3933919.984000004,755910.116,393160.486,201677.78900000016,2013602.7050000012,168034.79149999996,47499.35849999997,20615966.569000002,2015,4
2015-05,2967173.436000001,242841.461,3534498.833,2933586.6509999987,0.0,279486.2249999999,80853.614,150479.185,1941507.47,179.515,4841183.286000003,924092.431,694838.74,274889.199,2076463.9270000013,207887.27750000003,64893.15350000002,21214854.40400001,2015,5
2015-06,2497589.0120000015,125366.831,3750101.549,5509565.899999997,,260523.607,94267.204,185133.955,2151770.152,326.206,2903929.3430000017,889206.222,734053.937,288140.6490000001,2063674.739,210368.38650000017,73037.4605,21737055.152999997,2015,6
2015-07,2060397.9150000033,110974.056,4794536.939,6275418.030999997,,319964.3560000004,106001.326,204034.609,3722812.314,2072.161,3113294.279,933157.704,888917.71,309891.8919999999,2160629.367999999,223355.451,73160.61600000001,25298618.726999998,2015,7
2015-08,1643719.7,202464.244,4962672.806,5442509.918999999,7.021,325897.00399999984,105981.383,206268.151,2603203.326,1917.459,3287343.706999998,831901.007,607623.488,317503.0820000003,2039374.739000001,226599.06000000008,70309.05599999994,22875295.152,2015,8
2015-09,1609521.3059999982,162105.536,4871533.734,4786664.984000007,,301177.6360000001,90789.759,216741.247,2252024.385,716.122,3020624.8620000007,722203.932,483250.153,307429.3180000003,2151169.279999999,217542.8259999997,70194.00099999999,21263689.081000004,2015,9
2015-10,1650166.8120000013,249577.276,4085582.56,4384071.272999999,,276858.25399999996,71824.155,163090.201,2553136.502,453.293,3901151.1609999966,537711.617,188168.866,314764.7449999995,2214357.417000001,230577.67249999993,75951.56250000003,20897443.366999995,2015,10
2015-11,1892683.129999999,276574.956,3964219.502,4665864.604000006,,250399.7969999998,63913.993,155701.447,2467549.176,868.56,3724598.164999997,529698.664,226817.751,307126.1890000001,2130019.2730000005,217715.25299999997,74485.47500000005,20948235.935000006,2015,11
2015-12,1439096.6349999981,332093.3,4856466.533,4714263.913000002,,277097.9450000001,57229.981,221569.073,2975460.709,643.378,3537269.293999997,393749.612,84699.065,289737.828,2181661.4659999986,195106.71649999975,72842.28150000004,21628987.73,2015,12
2016-01,3441828.1219999976,454984.883,4607560.676,2695055.29,,262162.12799999997,66488.046,229357.249,2197917.511,790.736,5624577.741,364458.262,59913.641,270624.55899999983,2130972.8570000003,209911.18649999995,66351.43549999989,22682954.323,2016,1
2016-02,4052881.699000007,434367.601,3961132.227,1879957.1720000005,0.236,266153.79699999985,41492.728,206628.441,1620589.313,1770.319,6109530.7389999945,480081.441,133009.79,261567.1089999998,1970774.4269999985,192987.24649999963,53484.91449999992,21666409.199999996,2016,2
2016-03,4366547.421000001,351102.472,5190041.431,1767823.6700000009,,299146.3880000004,31683.312,219238.82,1664034.453,1510.166,5443970.297000005,709289.5,387860.762,255630.42000000033,2072560.103000001,218086.4489999999,66529.24000000006,23045054.904000007,2016,3
2016-04,5244882.436000001,429299.679,5052210.48,1033267.8190000014,,284582.3749999999,28204.902,193721.365,1451939.214,1280.933,4441296.233000002,721480.234,408323.232,209994.0330000001,1995540.688000001,191974.3295,39262.20249999998,21727260.15500001,2016,4
2016-05,5101205.590999995,316019.127,3877837.23,1207787.5719999997,0.0,301512.8540000002,35818.481,173241.376,1769280.918,896.733,3933102.7529999977,807003.421,498795.382,277221.20700000017,2115728.1019999995,151878.56800000012,39159.78699999999,20606489.10199999,2016,5
2016-06,2956172.205000001,169552.523,4814131.857,2255516.9299999997,,301908.085,47312.188,204521.105,2120171.155,1990.341,3271334.973000001,924052.32,813990.671,287560.6570000001,2171085.792000001,209614.598,69139.42799999999,20618054.828,2016,6
2016-07,2273200.4230000023,96849.527,5176652.116,3927734.3889999967,0.0,341774.8800000001,62364.324,222425.385,2614379.726,2569.133,3521941.5979999984,918530.369,825324.58,311079.6270000005,2242707.2220000015,254605.8939999996,75307.69699999999,22867446.889999997,2016,7
2016-08,2047078.3579999995,110357.65,5150521.036,3645503.785999994,,348599.0260000002,86717.599,236303.294,2271750.907,2210.786,3652945.4790000007,895838.735,805818.797,326727.04499999987,2123530.0029999996,256242.4309999998,73403.18899999993,22033548.12099999,2016,8
2016-09,1653646.3790000002,101239.968,5008646.428,4552416.376000001,-0.001,302751.8710000001,81380.946,224005.587,2391824.419,2161.999,2713826.675999997,766070.232,595626.693,307662.6610000003,2138073.7700000005,250021.1420000002,75079.72800000009,21164434.873999998,2016,9
2016-10,1631830.4690000005,161437.399,5093041.035,4497462.5819999995,,321201.64099999995,45501.578,208579.202,3591206.967,704.287,2389618.0890000006,584444.819,284702.891,306358.09699999995,2321390.533999999,244204.75350000008,74217.03450000002,21755901.377999995,2016,10
2016-11,1499053.2399999993,258233.603,3762539.13,4628960.457000001,,280264.438,46176.08,172038.612,3752073.842,993.84,3906853.137999999,426513.254,139699.618,304816.5949999995,2298320.5710000005,214704.03250000003,74121.1855000001,21765361.635999996,2016,11
2016-12,1846561.852,250884.627,4327368.413,5222291.708000001,,292406.0069999998,42897.118,246082.567,3561313.669,1012.663,2687662.5929999975,379704.598,118135.645,306422.8179999998,2327959.4899999993,212733.1340000002,79339.18799999997,21902776.089999996,2016,12
2017-01,2040641.1739999976,291213.041,5283554.335,5379306.657999998,,308396.3580000001,44311.594,210591.342,3229713.911,1068.971,4812548.538,476155.057,149212.081,327460.5290000001,2452616.5869999994,224853.1165000001,72733.75949999999,25304377.051999994,2017,1
2017-02,1956588.3229999973,267739.588,4766657.187,3502945.0599999996,,267440.84199999983,34038.238,197528.399,1774794.254,1435.85,4928506.466999999,445436.885,88740.902,289719.8250000002,2209564.575000001,198534.40200000015,63647.489,20993318.285999995,2017,2
2017-03,2701231.0490000006,241223.576,5269133.725,1943034.916999998,0.001,274612.041,47008.453,217664.061,1708967.145,2122.233,4724369.211000001,717348.576,340844.685,269560.85000000015,2394489.8059999994,220085.9674999998,70866.81250000003,21142563.108999997,2017,3
2017-04,1897982.0270000005,199433.452,4926069.892,2064470.8180000004,-0.001,284057.02400000027,32718.799,240116.471,1483940.06,968.504,4196146.9679999985,836604.703,535255.478,232816.752,2235475.9369999995,187774.349,61681.89599999995,19415513.129,2017,4
2017-05,1935428.3920000012,162454.971,4130870.31,3749064.2439999976,,308773.09500000015,53119.417,210579.842,1873502.101,1475.118,3465996.28,872979.634,607898.177,298767.3609999997,2329243.5479999976,187243.578,45922.10100000003,20233318.169,2017,5
2017-06,1637871.4990000015,91897.737,4034332.738,4544526.412,,310083.2890000001,62818.861,245173.496,3394960.599,2217.806,3192372.040999999,881515.888,761902.153,302616.86899999983,2318137.434000003,225843.0260000002,81467.66399999999,22087737.512000002,2017,6
2017-07,1193059.2510000009,98826.694,4385200.742,4304383.765000006,,335107.035,87716.945,239513.297,4000880.25,3109.007,3387354.827,917559.596,812880.286,333388.93799999973,2401133.971999999,215109.53950000004,83370.79050000003,22798594.93500001,2017,7
2017-08,1082726.8900000004,112205.181,5078952.117,3226266.132,-0.001,336154.4159999999,110918.405,236212.208,3770345.687,2450.308,3343930.450999998,819231.922,692435.175,316027.45399999985,2261146.1939999987,229901.4729999999,80367.90400000004,21699271.915999997,2017,8
2017-09,1147848.444000002,118471.554,4722573.526,3058567.8759999988,0.0,268845.02899999986,114159.846,220949.87,3445411.813,2337.138,2872132.409999997,775733.923,608142.655,309496.32200000016,2275769.9639999997,228790.9735000001,77904.9315,20247136.274999995,2017,9
2017-10,773649.9139999994,133820.915,4301325.456,4097649.646000003,0.0,266509.958,105380.663,221962.174,4178056.08,971.276,3208246.349000001,682149.995,398793.222,309764.0209999996,2396314.9150000014,242892.44500000004,80609.65200000003,21398096.681000005,2017,10
2017-11,832696.4169999999,222091.267,3601572.414,4817169.298000002,,243305.42400000012,88248.754,208836.062,4887878.708,790.825,3981906.256000006,540731.552,220652.322,307753.29699999985,2444672.0799999987,217891.7790000003,77924.10800000001,22694120.563000005,2017,11
2017-12,1250895.362000001,309586.467,5039108.604,4332035.566999998,,252739.04099999985,90720.073,225266.628,3317336.475,1286.021,5793445.762999998,432304.962,131195.329,312975.6640000004,2493241.6910000015,229063.86600000027,80508.97899999998,24291710.492,2017,12
2018-01,2194881.9950000015,273436.502,5096325.227,3218625.898000002,,255189.9640000001,87146.248,230384.784,2519734.258,2257.767,5348580.395000007,444542.511,112387.517,296331.7830000003,2483792.116,234574.06250000023,77266.0704999999,22875457.098000012,2018,1
2018-02,2388895.188,180623.013,4592320.568,3681480.8310000007,,237628.3150000001,84647.968,210409.161,2214076.313,1754.305,4680465.501000004,511075.981,229808.151,301601.46799999994,2254612.914000004,209150.52299999993,67136.11700000003,21845686.317,2018,2
2018-03,4402434.323000007,369777.722,4488917.022,1510503.7060000002,,245332.3609999999,80355.949,195203.052,1548319.038,1599.522,7726428.208999995,591497.209,233955.943,271633.94500000024,2337945.8550000014,227119.55049999984,77633.27249999999,24308656.678999998,2018,3
2018-04,4718449.0120000085,345637.317,3812588.835,1543645.3779999998,0.0,239921.52099999992,79213.685,189558.611,1495045.925,2262.646,4461453.843000002,702008.961,325935.092,237806.487,2355575.9460000005,178574.20800000022,77872.185,20765549.65200001,2018,4
2018-05,3523168.4649999957,153274.348,3728675.001,2441434.957000003,-0.001,255562.564,93341.337,186409.186,2262766.635,2034.203,3319731.9039999964,813590.951,477209.634,291745.65299999976,2420884.296999998,148028.147,35345.674,20153202.95499999,2018,5
2018-06,3718076.6280000047,58722.832,3591591.351,2481269.4060000023,0.0,255793.74200000011,101088.371,200030.849,2451828.687,2321.804,2632680.2330000023,819813.107,551292.603,304801.0770000002,2407025.0220000013,190542.43100000007,65936.057,19832814.20000001,2018,6
2018-07,3027391.874,35299.307,4471023.688,3729627.758999999,0.001,295197.7570000002,114929.521,206693.728,2513179.578,3716.283,2576189.1320000035,935320.61,858898.33,324172.96100000007,2440166.8509999965,214466.4979999998,79704.86300000003,21825978.740999997,2018,7
2018-08,2105596.6819999996,59999.606,5135724.891,3753176.101999998,-0.001,329327.88200000016,113581.708,214943.949,2977305.828,2859.321,3132684.651999998,847494.726,688557.997,317406.8809999997,2364810.247000001,210090.84650000033,81187.42850000008,22334748.746,2018,8
2018-09,1926844.8889999983,39235.238,5013034.921,4355469.696000002,,298103.21499999997,103412.994,188605.27,2461237.901,2165.861,2458498.8490000013,722200.637,465636.985,320236.33899999986,2410766.1649999977,202904.66850000017,78623.90850000005,21046977.537,2018,9
2018-10,1462712.3869999999,206750.96,5150671.803,3551336.5629999978,,283325.0139999996,79717.356,201924.623,2864457.698,873.311,4321986.963999995,571934.076,292493.431,297768.8349999998,2522643.940999999,215957.16299999988,81018.12899999999,22105572.253999997,2018,10
2018-11,2162064.789000001,138760.574,3829983.448,3983446.3270000014,,239668.141,73572.245,224026.254,3527115.431,900.788,4559010.273000003,376484.89,78576.117,293487.1490000001,2475332.1750000007,199092.2970000001,68737.11600000002,22230258.014000006,2018,11
2018-12,2486725.1169999987,132478.591,4286760.675,3026789.0930000027,,243128.66499999995,38271.629,207242.83,3209399.903,909.733,4363778.910999997,430214.766,109574.874,300446.5319999999,2533201.711,204462.39099999983,83614.4239999999,21656999.845,2018,12
2019-01,2127215.0510000004,160236.159,5041388.826,3292737.911999997,,244732.12400000004,44471.036,218650.612,3497660.44,1109.656,6027203.734999991,507327.131,166150.129,304554.0979999998,2674800.5020000003,206705.01750000007,73613.60949999996,24588556.037999988,2019,1
2019-02,2483405.4739999985,184627.656,4766785.658,2411178.5899999947,,210420.37999999983,41544.32,212981.811,2730581.106,972.545,3695709.6069999994,634799.143,261978.603,285703.8169999998,2394849.7090000003,188098.9705,69241.49950000002,20572878.88899999,2019,2
2019-03,2132667.2879999992,182227.471,5274747.282,966325.0979999996,,209798.28000000012,53628.455,209060.31,2437362.725,1955.158,4921192.632000003,812728.041,477846.093,310426.4150000001,2594573.179999998,212401.60700000008,78982.702,20875922.736999996,2019,3
2019-04,1926065.4119999995,129466.814,4621662.922,849942.2209999999,0.001,216937.78999999983,50182.495,199954.574,3037267.222,1548.369,4663698.402000001,703515.765,379268.817,275230.6489999998,2492475.522000003,189259.25499999995,78095.67699999995,19814571.90700001,2019,4
2019-05,1935367.585,124931.376,3976917.465,465000.0290000005,-0.001,221392.69900000017,50869.689,201714.346,4223793.661,2031.012,4677077.558999998,940395.949,740997.727,283124.72400000016,2547230.6980000027,168295.2379999998,50063.65899999999,20609203.415000003,2019,5
2019-06,1626902.976,54725.82,4647876.956,515009.22499999945,,251377.931,53242.69,209910.558,5478846.625,1372.141,3287492.495000002,934562.062,775057.606,286631.0739999998,2422763.7219999987,170690.03900000022,76416.73699999996,20792878.657,2019,6
2019-07,1582244.9179999998,24305.242,5123111.728,834325.0989999996,0.0,261696.10500000016,88988.336,137955.038,7379659.616,3727.338,3440870.7899999977,1003565.027,722867.49,326868.1569999998,2459280.408999999,176176.20800000007,80477.05900000001,23646118.559999995,2019,7
2019-08,1255012.1400000008,70640.006,5068144.387,598405.305,-0.001,281653.44200000004,87894.628,116694.829,7388506.266,3475.119,2890769.658000002,1015180.943,745498.771,321414.94100000017,2358077.101999999,195265.90000000008,79105.36100000002,22475738.797000002,2019,8
2019-09,1225264.4750000006,104264.726,4995506.281,683074.5839999999,0.001,257737.0560000001,70446.732,157509.026,5741488.022,2218.351,3895429.139999993,861514.233,454731.865,301967.93899999995,2357197.593000001,202078.23450000017,77785.26949999991,21388213.52799999,2019,9
2019-10,1122327.8829999994,116030.75,4530668.762,866157.862,-0.001,245159.3039999999,44678.867,170575.942,5979694.438,1582.837,3809598.4999999935,794698.796,303085.257,311601.32599999977,2496488.405999995,184614.71550000008,77242.50149999995,21054206.145999987,2019,10
2019-11,2663333.1380000007,172106.382,3427526.295,676648.0629999997,,210765.94900000008,47465.714,184815.523,4192460.766,2096.522,7458615.234999994,525695.997,69970.612,309135.9880000004,2471281.283999997,158921.44749999998,74487.9415,22645326.857,2019,11
2019-12,4639208.858,321942.702,4349890.213,511833.41000000073,,224382.08399999997,37119.115,169188.099,3154649.331,1159.67,5477398.145999997,518035.794,68978.175,301056.1010000004,2346120.9220000007,169956.67449999996,74301.73350000003,22365221.028,2019,12
2020-01,3729343.833000002,233778.898,5289146.024,865887.0040000001,,236418.96100000004,38932.289,146918.518,3856118.343,824.55,4626864.397999995,625344.395,85967.851,335311.7489999999,2440531.494000001,167343.0039999998,64550.73900000005,22743282.050000004,2020,1
2020-02,2838605.4069999997,229837.141,4885683.024,821301.7809999997,,211700.3359999999,39258.754,128349.147,2893614.171,1338.515,4271307.757999998,973416.316,227955.996,347616.9059999996,2235304.298999996,170035.27699999983,62468.23199999993,20337793.05999999,2020,2
2020-03,3114061.3329999987,303523.791,5174945.115,474782.5359999999,0.001,180956.06800000023,31141.695,114048.723,1910683.244,1823.614,5601202.209000002,1067169.174,235967.42,346296.30500000017,2236957.267,177174.84099999993,62466.01000000008,21033199.346000005,2020,3
2020-04,2862374.6119999983,314350.975,4085604.789,305139.6709999999,,166203.94999999992,15716.701,98923.324,2167513.46,991.125,3694767.1840000018,1148584.616,206865.437,337757.79300000006,1928811.8750000005,139531.33050000027,35046.8725,17508183.715,2020,4
2020-05,2860260.0699999994,243639.892,3078957.761,242763.4800000002,-0.001,178043.91499999978,18944.309,116068.453,2440445.298,1442.708,3964682.318999997,1636763.284,552484.751,387289.8769999999,2087155.8849999984,145362.7910000002,36650.93399999997,17990955.725999996,2020,5
2020-06,2266422.7580000036,152410.343,3621381.286,361459.59199999983,0.0,172199.77200000008,24670.181,83296.143,4006528.209,742.628,3343977.0269999993,1797697.293,711646.848,380007.9940000002,2189672.425000002,149096.14549999993,42313.55449999999,19303522.199,2020,6
2020-07,1838035.0280000016,167160.95,5159005.855,301768.79199999996,,211042.7680000001,48753.217,114332.13,6317818.803,3652.422,4249554.119999998,1903210.827,796172.042,349559.70100000076,2304163.451000003,141081.1175,43134.66050000001,23948445.884000007,2020,7
2020-08,1889516.843999997,158855.13,5151917.422,337165.7439999993,0.0,242788.221,54511.055,127712.586,5529268.472,3575.741,3675599.610000005,1817834.95,744541.661,368818.25699999975,2194300.447000003,190290.14300000004,77364.101,22564060.384000003,2020,8
2020-09,1671696.3690000013,187667.328,4871209.402,351029.93800000014,0.0,212204.26299999995,36880.594,98396.694,4978688.966,1911.898,4055166.308,1460463.968,452159.233,396083.0809999998,2310158.759999999,188784.34700000027,73396.9440000001,21345898.092999995,2020,9
2020-10,1905809.840999999,233257.852,4530276.466,304480.32800000015,,189338.091,41581.658,128214.5,3185044.239,1456.723,5772605.190000007,1314953.592,340274.709,415369.6360000004,2354012.256999997,163563.49150000012,71782.6875,20952021.261,2020,10
2020-11,2463313.6069999975,206002.588,4639700.503,354868.7010000001,,196414.76899999997,28563.691,121615.077,3698514.59,821.801,4210154.2799999975,813707.438,108048.269,394574.4640000004,2392802.0749999997,194075.04849999995,80888.76249999997,19904065.663999997,2020,11
2020-12,3192283.8939999985,320955.577,5270532.21,300065.01100000006,,202181.045,27628.667,109732.229,3038617.595,958.502,7440365.855000005,742998.879,76225.913,422895.4330000005,2356443.098000001,189850.06150000013,75588.70650000001,23767322.67600001,2020,12
2021-01,4057346.783000003,320531.389,5199740.516,557975.9790000002,,203759.9729999999,28766.271,116282.053,2729183.017,993.17,7101249.122999999,848403.074,102634.029,390590.3959999999,2405236.8060000027,182932.08900000012,59850.28199999993,24305474.950000007,2021,1
2021-02,4517602.492000001,401293.219,4358515.107,176266.719,,160418.0849999999,18026.13,104960.847,1544065.785,1226.483,6294982.85600001,973686.902,138181.327,365191.8890000005,1838165.7300000011,172740.34500000015,69065.86799999996,21134389.78400001,2021,2
2021-03,3715416.012000001,330794.555,4833065.002,242138.94600000008,,173283.97599999994,27904.377,100758.259,2151091.661,1921.443,5606818.804999998,1688757.265,355015.427,359459.0709999995,2253823.6159999976,184342.43600000005,72598.53499999999,22097189.385999996,2021,3
2021-04,2745019.021999995,153679.68,4197332.93,270100.02600000025,,187547.7889999998,24553.477,70652.976,3384471.579,835.908,4095800.569000003,1665571.492,266787.519,392274.79499999934,2193285.205,178093.968,74357.49400000006,19900364.42899999,2021,4
2021-05,2159483.244999999,238708.927,4373250.552,331931.1130000002,,178362.30000000016,24916.217,62416.77,2444871.606,3227.077,4785695.033000001,2388831.852,645597.457,390931.927,2206328.8619999993,177333.07100000005,59595.066,20471481.075,2021,5
2021-06,2182252.5450000013,105706.304,3684377.943,473579.2319999993,,206220.59199999983,34119.217,33486.942,3658878.948,3002.042,3684170.6189999976,2325571.729,655361.716,358010.0459999999,2181276.7939999993,198273.45250000004,79503.8495,19863791.970999997,2021,6
2021-07,2209464.624000001,115895.307,5119328.941,311102.33,-0.001,239576.81599999996,40565.981,66134.21,3718134.418,3578.218,4284090.513000002,2617534.056,828492.494,352713.786,2243226.3560000015,205014.80949999983,81915.74950000002,22436768.608000003,2021,7
2021-08,1883260.8029999996,159688.964,5151337.803,319182.66800000047,0.0,258860.338,47885.346,99644.19,4047368.387,2663.478,3747238.494999998,2395830.9,661445.102,410590.23700000055,2106285.5190000017,212202.01149999988,81751.57250000007,21585235.814000003,2021,8
2021-09,1396698.8830000001,118198.104,4890618.221,477087.20200000034,0.0,256964.19199999995,71402.214,113210.213,4943197.265,1429.314,3234274.816,1927916.611,447444.657,396278.0979999997,2166255.1979999994,179817.18450000012,68076.04849999993,20688868.221000005,2021,9
2021-10,1023215.4459999998,232112.394,4748364.457,527419.848,,233570.5650000001,46314.807,112484.255,4407056.37,1853.455,4359563.920999996,1777274.811,328182.894,433047.4939999996,2147907.1970000025,187508.0000000001,68765.9960000001,20634641.909999996,2021,10
2021-11,1199445.5320000001,202806.599,3562254.807,576437.5759999997,,203062.24300000005,30058.985,115109.023,6317636.788,1139.79,6421739.529,1347957.356,172426.246,434361.576,2173751.719000001,179260.82049999994,80249.83150000004,23017698.421,2021,11
2021-12,2536803.672000001,269908.819,3922833.452,719926.374,,215797.23800000004,29066.882,112916.219,5154143.508,1227.861,6910032.612999992,1023707.25,103956.001,436423.9070000004,2175103.5279999976,181223.1154999998,82210.4385,23875280.877999987,2021,12
2022-01,2085857.4509999997,215637.741,5048424.951,709963.2189999998,,210125.16499999995,34446.764,117429.802,5898394.445,1110.916,5414777.159999999,1569291.684,170978.835,428663.21800000063,2147921.6090000006,169946.92900000003,79365.29199999996,24302335.181000005,2022,1
2022-02,1174970.1700000009,285079.947,4771058.269,568629.5279999999,,185575.526,34328.002,102630.663,4671261.013,1482.045,4712962.772,1693011.465,208192.368,374913.00299999985,2119152.720999998,144546.71600000001,72930.81799999994,21120725.025999997,2022,2
2022-03,1775478.1440000006,273848.153,4766690.052,705226.1249999997,,207451.40499999985,38861.629,114410.944,3873334.98,2126.323,6528551.210000003,1455804.583,120568.374,423881.7379999996,2217421.993,183995.6055000001,82069.25049999998,22769720.509000007,2022,3
2022-04,1802751.588,336712.619,4414715.447,691004.6010000005,,205100.23899999997,34572.36,103636.366,3146865.903,1752.528,5655805.975000003,2582036.214,412777.61,430376.9690000004,1709641.2019999993,171926.1160000001,72848.57699999998,21772524.314000003,2022,4
2022-05,1923714.557000002,300017.69,4066355.361,527154.5580000001,,215844.38000000015,42307.777,86849.653,3713639.285,1917.174,4687840.198000003,3352974.12,621247.495,397336.7929999997,1870740.240999999,170585.17750000014,79964.14749999996,22058488.60700001,2022,5
2022-06,1192915.0080000006,271315.011,4459458.308,833036.3700000008,,224846.98999999996,47734.012,60625.901,6478943.796,2449.56,3811046.0389999943,3223717.662,534217.867,415880.2569999996,1467878.8810000008,155909.442,76946.93199999994,23256922.036,2022,6
2022-07,1045015.9280000008,216663.274,5073367.597,882232.4970000007,,242769.39899999983,79729.885,73212.087,8460442.205,3562.943,4566874.671999997,3391443.749,667235.596,409345.59499999986,1056410.1140000003,181020.45450000017,75732.52050000003,26425058.516000003,2022,7
2022-08,973565.2489999998,339437.288,5122046.93,819592.5339999993,,245672.7789999999,85532.472,102417.013,8082025.29,3517.675,4261724.164000003,3240414.313,619958.99,383456.3469999997,776246.5740000008,164797.21650000007,65488.15049999991,25285892.985,2022,8
2022-09,1154833.1410000017,304785.767,4847367.123,632066.7189999996,0.0,216066.75800000012,84422.616,110953.991,7704899.046,2075.095,4192568.413000001,2698499.156,437343.279,341441.0630000001,739201.6489999994,140017.96900000004,59668.63900000001,23666210.424000002,2022,9
2022-10,719585.0210000005,385629.677,4021338.375,380331.1270000001,0.0,202310.788,79275.334,118598.82,7066690.782,1350.072,5101234.296,2025695.111,166128.813,367411.8569999998,1094108.7929999994,155069.3110000001,71884.42100000003,21956642.598000005,2022,10
2022-11,1311831.7299999993,361663.867,4182092.888,319685.8209999999,,192196.61099999995,47409.887,93771.169,4672403.057,1169.409,6681883.514000003,1541121.356,104765.418,365868.14500000014,1451635.239000002,127590.54350000016,67535.71449999999,21522624.369,2022,11
2022-12,2750595.903000002,485359.059,5161189.944,693262.8919999988,,200241.64499999996,48856.536,122696.655,4368588.275,367.104,5579328.618999999,1132010.862,59778.183,321123.295,1099432.043,134668.03250000003,73273.15550000005,22230772.202999998,2022,12
2023-01,3859362.994999998,542797.45,5086763.589,295484.0459999998,,186632.06299999988,64152.798,118030.389,2708507.873,1649.504,7457302.3359999955,1744409.448,119507.759,291615.6949999999,1210259.5489999994,103404.02800000003,68128.83799999995,23858008.359999992,2023,1
2023-02,2462733.916999999,260871.229,4597959.716,407401.9859999995,,195871.71800000008,59331.864,118052.049,4367513.452,829.341,4676693.515999994,2151530.691,178785.415,357349.40399999975,1720034.2319999982,115258.86949999999,71962.4925,21742179.891999986,2023,2
2023-03,2044472.686000002,540079.804,5102291.068,423067.6940000001,-0.001,177249.23899999994,51356.45,103679.242,3114385.281,1572.445,6695328.480999995,3097262.296,409939.524,308275.3669999999,1744145.1039999991,120437.82550000004,72250.19649999999,24005792.701999996,2023,3
2023-04,1533648.4659999998,611590.252,4567269.056,248946.28099999996,,184156.97500000003,50541.317,89164.951,2874863.111,1573.337,4902310.821999998,3784527.46,625724.51,273108.3389999998,1574628.278999999,91245.80799999995,57926.92900000006,21471225.893,2023,4
2023-05,1392479.1209999989,482569.639,3741768.391,239072.7280000001,,194114.8219999998,58692.388,84880.949,3333273.991,2067.195,5465418.245000003,3874702.485,500293.922,338176.0900000003,1695439.4279999982,71357.61600000004,45423.98599999997,21519730.996000003,2023,5
2023-06,1920006.485999998,288840.65,4008721.126,300829.5019999999,,210872.494,77464.718,84905.441,4673613.381,808.738,3083405.509000001,3869501.913,541927.3,321636.1339999999,1730289.4460000007,122925.563,81083.83799999997,21316832.239000004,2023,6
2023-07,1308841.169,317617.375,5123133.915,332920.0330000001,0.001,243092.64400000012,82460.376,101065.799,4950496.446,2759.057,3862653.8029999994,4574423.98,768645.378,319800.9500000003,1475938.522,126997.64700000011,83521.415,23674368.509999998,2023,7
2023-08,981141.0970000002,417216.079,5008274.547,415009.40799999994,-0.001,260850.629,70216.823,105316.15,4999430.404,2699.828,4271583.609000004,4470421.94,719885.809,340362.5790000001,1289441.6799999997,119505.76549999998,77315.77649999999,23548672.123000007,2023,8
2023-09,932569.9940000004,351919.43,4546818.519,400694.77500000055,,219414.04499999993,67643.652,105510.948,4866768.68,1314.992,3598019.405000001,3367586.764,401017.822,285205.14800000004,1442476.1569999985,116366.4079999999,73649.17800000007,20776975.917,2023,9
2023-10,1456377.368999999,494625.232,3741507.112,372653.8470000002,-0.001,228108.6479999997,74986.136,119677.701,4086735.898,443.24,5795397.353000006,2649786.461,226738.199,263627.4880000002,1263139.9639999995,119505.53349999984,76525.05949999997,20969835.24000001,2023,10
2023-11,3453969.4299999992,450508.087,3761317.407,220612.32099999997,,203459.05499999973,48532.688,90916.317,2882239.454,1089.965,7005392.651,2011184.144,111284.369,239850.0819999999,997109.3159999998,100264.97300000004,63522.69100000005,21641252.949999996,2023,11
2023-12,3984079.7469999976,445303.885,4990078.5,211787.51099999997,,207489.11199999985,49064.317,96450.06,3192573.679,669.13,5835850.382,1876351.661,92059.718,255428.64600000024,1171412.406,111863.16900000007,74725.52799999999,22595187.450999998,2023,12
